strain	length	A	C	G	T	N	other_IUPAC	-	?	invalid_nucleotides
SB12736-SAR-03	7412	2008	1778	1778	1848	0	0	0	0	0
26M/AUS/4/99	7412	2019	1779	1768	1846	0	0	0	0	0
1/SHENZHEN/08/China/HFMD/2008	7404	1997	1795	1781	1831	0	0	0	0	0
4/SHENZHEN/08/China/HFMD/2008	7404	1997	1791	1783	1833	0	0	0	0	0
Shanghai036-2009	7407	1997	1785	1782	1843	0	0	0	0	0
TW/2639/04	7414	2017	1779	1774	1844	0	0	0	0	0
TW/96022/08	7421	2009	1784	1787	1841	0	0	0	0	0
Chongqing1-09-China	7409	2014	1784	1767	1844	0	0	0	0	0
BJ110	7406	2008	1790	1770	1838	0	0	0	0	0
BJ303	7406	2009	1791	1770	1836	0	0	0	0	0
KM186/09	7405	2013	1756	1764	1872	0	0	0	0	0
EV054_07	7419	2010	1787	1820	1802	0	0	0	0	0
EV090_07	7356	1987	1762	1804	1803	0	0	0	0	0
EV082_07	7419	2015	1768	1819	1817	0	0	0	0	0
003/XM/2010	6582	1806	1579	1569	1628	0	0	0	0	0
FY0805	7456	2027	1805	1781	1843	0	0	0	0	0
Shanghai36-2009	7407	2018	1788	1761	1840	0	0	0	0	0
Shanghai117-2009	7405	2009	1791	1768	1837	0	0	0	0	0
BJ01	7283	1985	1759	1733	1806	0	0	0	0	0
EV71/Ningbo.CHN/065/2010	7406	2009	1795	1766	1836	0	0	0	0	0
MP9-2	7456	2027	1804	1778	1847	0	0	0	0	0
Luoyang/2011	7405	2003	1791	1773	1838	0	0	0	0	0
Nanyang/2011-China	7404	1998	1793	1777	1836	0	0	0	0	0
4643-TW98	7460	2068	1769	1810	1813	0	0	0	0	0
EV71/Ningbo.CHN/087/2009	7406	2010	1793	1766	1837	0	0	0	0	0
BRU/2006/35334	7412	2018	1774	1773	1847	0	0	0	0	0
EV71/Jinan1004	7405	2014	1791	1765	1835	0	0	0	0	0
BJ	7406	2013	1785	1766	1842	0	0	0	0	0
540V/VNM/05	7405	2010	1781	1770	1844	0	0	0	0	0
FY7VP5/AH/CHN/2008	7406	2008	1784	1772	1840	0	2	0	0	0
FY17.08-4/AH/CHN/2008	7404	2009	1795	1767	1833	0	0	0	0	0
SD09-21/SD/CHN/2009	7402	2010	1790	1766	1835	1	0	0	0	0
SH-6/SH/CHN/2002	7404	2009	1775	1767	1853	0	0	0	0	0
Wuhan1117/HuB/CHN/2011	7405	2005	1792	1770	1838	0	0	0	0	0
C2-NHRIEV95528-TW-Jun-25-12	6579	1798	1575	1625	1581	0	0	0	0	0
EV71/wuhan/3018/2010	7408	2046	1754	1769	1839	0	0	0	0	0
SEP4	6949	1906	1647	1651	1745	0	0	0	0	0
N1745-TW08	7412	2006	1784	1778	1844	0	0	0	0	0
M988-TW12	7412	2016	1769	1775	1852	0	0	0	0	0
M957-TW12	7412	2015	1756	1778	1863	0	0	0	0	0
C4a-70365-TW-2010	7408	2015	1789	1765	1839	0	0	0	0	0
wenzhou227	7150	1958	1725	1694	1773	0	0	0	0	0
EV71/Homosapiens/VNM/150/2012	7360	1991	1774	1764	1831	0	0	0	0	0
EV71/Homosapiens/VNM/117/2012	7360	1984	1764	1771	1841	0	0	0	0	0
EV71/Homosapiens/VNM/43/2012	7360	1987	1770	1766	1837	0	0	0	0	0
EV71/Homosapiens/VNM/19/2011	7360	1986	1763	1768	1843	0	0	0	0	0
EV71/Homosapiens/VNM/2/2011	7360	1989	1781	1768	1822	0	0	0	0	0
EV71/Homosapiens/VNM/64/2012	7359	1988	1767	1766	1838	0	0	0	0	0
EV71/Homosapiens/VNM/237/2011	7360	1996	1781	1763	1820	0	0	0	0	0
EV71/Homosapiens/VNM/3/2011	7360	1992	1783	1762	1823	0	0	0	0	0
EV71/Homosapiens/VNM/142/2012	7356	1989	1778	1761	1828	0	0	0	0	0
EV71/Homosapiens/VNM/212/2011	7360	1989	1784	1764	1823	0	0	0	0	0
EV71/Homosapiens/VNM/73/2012	7359	1994	1767	1761	1837	0	0	0	0	0
EV71/Homosapiens/VNM/127/2012	7359	1998	1764	1758	1839	0	0	0	0	0
EV71/Homosapiens/VNM/222/2011	7360	1996	1765	1759	1840	0	0	0	0	0
EV71/Homosapiens/VNM/24/2011	7360	1990	1778	1764	1828	0	0	0	0	0
EV71/Homosapiens/VNM/119/2012	7360	1992	1768	1762	1838	0	0	0	0	0
EV71/Homosapiens/VNM/22/2011	7359	1984	1771	1769	1835	0	0	0	0	0
EV71/Homosapiens/VNM/209/2011	7360	1991	1770	1765	1834	0	0	0	0	0
EV71/Homosapiens/VNM/130/2012	7360	1986	1767	1766	1841	0	0	0	0	0
EV71/Homosapiens/VNM/63/2012	7360	1992	1776	1763	1829	0	0	0	0	0
EV71/P1034/2013/China	7405	2004	1787	1772	1842	0	0	0	0	0
EV71/Homosapiens/KHM/309/2012	6806	1847	1626	1641	1692	0	0	0	0	0
EV71/Homosapiens/KHM/312/2012	7039	1903	1702	1682	1752	0	0	0	0	0
EV71/Homosapiens/KHM/280/2012	7361	2000	1765	1763	1833	0	0	0	0	0
EV71/Homosapiens/KHM/330/2012	7287	1973	1757	1747	1810	0	0	0	0	0
EV71/Homosapiens/KHM/268/2012	7360	1987	1778	1766	1829	0	0	0	0	0
02-1-055	7379	1985	1776	1781	1828	0	9	0	0	0
02-0-060	7372	1973	1750	1786	1854	0	9	0	0	0
02-0-083	7371	1976	1760	1787	1845	0	3	0	0	0
02-0-090	7370	1990	1760	1774	1843	0	3	0	0	0
THA_A1083	7226	1947	1726	1756	1797	0	0	0	0	0
EV71/SZ04/CHN/2014	7405	2007	1790	1768	1840	0	0	0	0	0
C4-ND-114_Vietnam_CaMau_2012-04-15	6582	1806	1563	1573	1637	0	3	0	0	0
45894/BE/DE2015	7156	1975	1701	1727	1753	0	0	0	0	0
46411/NW/DE2015	7149	1968	1699	1729	1753	0	0	0	0	0
CQ2014-86	7412	1996	1769	1794	1853	0	0	0	0	0
HFM072	7420	2019	1778	1776	1845	0	2	0	0	0
HFM088	7381	2006	1782	1757	1836	0	0	0	0	0
EVA71/Homosapiens/VNM/12.1/2013	6740	1438	1283	1280	1315	1424	0	0	0	0
EVA71/Homosapiens/VNM/15.1/2014	7089	1928	1674	1711	1776	0	0	0	0	0
EVA71/Homosapiens/VNM/15.2/2014	7406	2003	1768	1781	1854	0	0	0	0	0
N826-Sendai-2003	7397	2012	1765	1762	1858	0	0	0	0	0
K493-Sendai-2003	7397	1993	1770	1779	1855	0	0	0	0	0
K399-Sendai-2003	7395	2011	1766	1763	1855	0	0	0	0	0
2779-Yamagata-2002	7401	2007	1775	1768	1851	0	0	0	0	0
2317-Yamagata-2006	7396	2003	1765	1770	1858	0	0	0	0	0
15NHP108	7390	1985	1756	1790	1859	0	0	0	0	0
16NHP379	7395	1999	1769	1769	1858	0	0	0	0	0
16NHP442	7397	1995	1800	1771	1831	0	0	0	0	0
2019-EV-A71-R480	7410	2018	1770	1799	1823	0	0	0	0	0
EV-A71/2019/FR/0622	7374	2002	1758	1796	1818	0	0	0	0	0
Nagoya	7412	2023	1732	1780	1877	0	0	0	0	0
10857	7348	1968	1751	1780	1849	0	0	0	0	0
20574	7299	2005	1714	1744	1836	0	0	0	0	0
Tainan/5746/98	7410	2015	1756	1813	1826	0	0	0	0	0
Tainan/6092/98	7410	2017	1771	1813	1809	0	0	0	0	0
6F/AUS/6/99	7437	2052	1770	1804	1811	0	0	0	0	0
PLday1-CH-06	7318	2004	1732	1776	1806	0	0	0	0	0
2007-08747	7324	1981	1762	1758	1823	0	0	0	0	0
EV71/Fuyang.Anhui.P.R.C/17.08/1	7405	2008	1797	1768	1832	0	0	0	0	0
522-04T/SD/CHN/07	7405	2005	1790	1778	1832	0	0	0	0	0
N2838-TW03	7412	2025	1780	1764	1843	0	0	0	0	0
GZ-08-01	7404	2001	1781	1776	1846	0	0	0	0	0
TW/2429/04	7414	2018	1783	1774	1839	0	0	0	0	0
TW/70516/08	7414	2016	1795	1772	1831	0	0	0	0	0
TW/72232/04	7415	2018	1782	1774	1841	0	0	0	0	0
FY08-C30-P2	7358	2002	1781	1751	1824	0	0	0	0	0
EV71/Lanzhou01	7405	2008	1788	1768	1841	0	0	0	0	0
BJ293	7405	2006	1782	1771	1846	0	0	0	0	0
Fuyang-0805a	7411	2025	1783	1748	1841	0	14	0	0	0
EV124_07	7419	1818	1818	1766	2017	0	0	0	0	0
Shanghai51-2009	7407	2004	1796	1770	1837	0	0	0	0	0
Shanghai64-2009	7406	2008	1801	1768	1829	0	0	0	0	0
Shanghai118-2009	7406	2015	1801	1764	1826	0	0	0	0	0
EV71/Henan/106/2009	7403	2002	1787	1778	1836	0	0	0	0	0
M183-1176F/HeN/CHN/2009	7406	2009	1800	1770	1827	0	0	0	0	0
0964/SYD/98	7409	2021	1780	1805	1803	0	0	0	0	0
BC08	7406	2008	1795	1767	1836	0	0	0	0	0
HN1360/HN/CHN/2011	7414	2013	1792	1765	1844	0	0	0	0	0
HN318/HN/CHN/2011	7414	2019	1782	1761	1852	0	0	0	0	0
SHAPHC695F/SH/CHN/10	7405	2011	1800	1768	1826	0	0	0	0	0
EV71/Hubei-XF/CHN/2010	7405	2006	1786	1770	1843	0	0	0	0	0
26M/AUS/4/99/GuaR1	6582	1811	1558	1577	1636	0	0	0	0	0
GD-DG2011-3	7404	2008	1777	1769	1850	0	0	0	0	0
GD-DG2011-8	7406	2008	1779	1770	1849	0	0	0	0	0
SDLY96	7405	2016	1786	1762	1841	0	0	0	0	0
SHAPHC5427/SH/CHN/14	7404	2010	1762	1770	1862	0	0	0	0	0
SiICRC08/TH/2011	7418	2019	1777	1777	1845	0	0	0	0	0
SiICRC15/TH/2011	7430	2028	1773	1781	1848	0	0	0	0	0
SiICRC11/TH/2012	7417	2014	1779	1792	1832	0	0	0	0	0
SiICRC04/TH/2013	7378	1984	1755	1793	1846	0	0	0	0	0
SiICRC05/TH/2013	7417	1991	1772	1806	1848	0	0	0	0	0
HP	7405	2005	1796	1770	1834	0	0	0	0	0
USA/2016/19522	7211	1984	1703	1750	1774	0	0	0	0	0
12	7412	2043	1774	1778	1817	0	0	0	0	0
2005-1480	6773	1889	1571	1631	1682	0	0	0	0	0
MAD-72341-04	7413	2041	1736	1770	1866	0	0	0	0	0
CAF-RS2-NMA-008-03	7413	2023	1795	1788	1807	0	0	0	0	0
GZ203KL21/GD/CHN/2010	7404	2024	1812	1759	1809	0	0	0	0	0
R642/YN/CHN/2010	7410	2013	1800	1764	1833	0	0	0	0	0
R993/YN/CHN/2010	7402	2015	1799	1758	1830	0	0	0	0	0
RW15/YN/CHN/2012	7405	2007	1790	1766	1842	0	0	0	0	0
K14/YN/CHN/2013	7406	2015	1788	1758	1845	0	0	0	0	0
DK07-03	7151	1875	1617	1585	1519	555	0	0	0	0
DK14-03	7142	1958	1696	1729	1735	24	0	0	0	0
DK16-02	7152	1970	1700	1731	1751	0	0	0	0	0
GIN-13-365	7419	2035	1774	1788	1822	0	0	0	0	0
SEN-14-157	7405	2019	1784	1792	1810	0	0	0	0	0
TW-71680-2008	7394	2002	1772	1774	1846	0	0	0	0	0
TW-72219-2008	7394	1995	1784	1784	1831	0	0	0	0	0
TW-01709-2010	7387	2009	1783	1759	1836	0	0	0	0	0
TW-71650-2011	7394	2010	1769	1773	1842	0	0	0	0	0
TW-00184-2012	7388	2004	1780	1762	1842	0	0	0	0	0
TW-02572-2012	7394	2004	1775	1777	1838	0	0	0	0	0
TW-50601-2012	7388	2005	1773	1775	1835	0	0	0	0	0
TW-50681-2012	7377	1996	1763	1775	1843	0	0	0	0	0
TW-50878-2012	7392	2009	1773	1773	1837	0	0	0	0	0
Huainan201404	7444	2010	1789	1786	1859	0	0	0	0	0
16F	7368	2025	1768	1772	1803	0	0	0	0	0
100-p35-T1	6579	1813	1570	1564	1632	0	0	0	0	0
101-p17-T2	6579	1814	1567	1563	1635	0	0	0	0	0
C4-6	7390	1998	1776	1770	1846	0	0	0	0	0
C4-8	7390	2001	1778	1767	1844	0	0	0	0	0
C4-9	7390	1999	1776	1769	1846	0	0	0	0	0
B5-21	7381	1992	1767	1779	1843	0	0	0	0	0
B5-23	7381	1997	1762	1773	1849	0	0	0	0	0
B5-31	7381	1996	1772	1775	1838	0	0	0	0	0
B5-33	7381	1996	1770	1775	1840	0	0	0	0	0
B5-40	7363	1978	1763	1784	1838	0	0	0	0	0
B5-45	7366	1986	1760	1778	1842	0	0	0	0	0
B5-48	7380	1991	1764	1777	1848	0	0	0	0	0
B5-62	7380	1979	1766	1790	1845	0	0	0	0	0
B5-68	7380	1985	1764	1784	1847	0	0	0	0	0
B5-72	7380	1988	1765	1782	1845	0	0	0	0	0
B5-76	7386	1991	1765	1783	1847	0	0	0	0	0
B5-80	7380	1987	1760	1781	1852	0	0	0	0	0
B5-93	7380	1979	1768	1792	1841	0	0	0	0	0
B5-99	7380	1986	1765	1786	1843	0	0	0	0	0
B5-102	7382	1987	1757	1791	1847	0	0	0	0	0
B5-107	7380	1976	1765	1794	1845	0	0	0	0	0
B5-109	7379	1969	1768	1799	1843	0	0	0	0	0
B5-125	7380	2000	1770	1774	1836	0	0	0	0	0
B5-129	7386	2008	1769	1771	1838	0	0	0	0	0
J098-EV-A71-WS-YN-2014	7290	1948	1746	1778	1818	0	0	0	0	0
SB6-760-3	7395	2006	1771	1777	1841	0	0	0	0	0
6-684-4	7412	2013	1774	1779	1846	0	0	0	0	0
16L	7368	2015	1759	1768	1795	2	29	0	0	0
R118/YN/CHN/2016	7412	1990	1764	1802	1856	0	0	0	0	0
USA/2018-23297	7408	2035	1766	1785	1822	0	0	0	0	0
TLLeC5	7437	2029	1783	1792	1833	0	0	0	0	0
F9	7412	2002	1782	1783	1845	0	0	0	0	0
No.2	7412	2011	1769	1774	1858	0	0	0	0	0
No.9	7412	2004	1786	1783	1839	0	0	0	0	0
9443	7296	1991	1712	1751	1842	0	0	0	0	0
9612	7298	2001	1715	1776	1806	0	0	0	0	0
06-KOR-00	7409	2014	1744	1808	1843	0	0	0	0	0
S40221-SAR-00	7409	2029	1750	1801	1829	0	0	0	0	0
5511-SIN-00	7412	2018	1788	1775	1831	0	0	0	0	0
EV71/Ningbo.CHN/107/2009	7406	2011	1789	1766	1840	0	0	0	0	0
EV71/Ningbo.CHN/061/2011	7406	2018	1791	1757	1840	0	0	0	0	0
SD07-1/SD/CHN/2007	7405	1999	1790	1779	1837	0	0	0	0	0
HCM82-VNM-2011	7268	1973	1742	1737	1816	0	0	0	0	0
HCM84-VNM-2011	7330	2002	1703	1801	1824	0	0	0	0	0
HCM120-VNM-2011	7300	1973	1758	1752	1817	0	0	0	0	0
BS	7437	2033	1777	1784	1843	0	0	0	0	0
M1089-TW12	7412	2013	1766	1778	1855	0	0	0	0	0
EV71/Homosapiens/VNM/80/2012	7360	1992	1779	1762	1827	0	0	0	0	0
EV71/Homosapiens/VNM/122/2012	7360	1992	1779	1761	1828	0	0	0	0	0
EV71/Homosapiens/VNM/249/2011	7361	1986	1779	1768	1828	0	0	0	0	0
EV71/Homosapiens/VNM/132/2012	7332	1983	1761	1754	1834	0	0	0	0	0
EV71/Homosapiens/VNM/175/2012	7282	1468	1358	1296	1350	1810	0	0	0	0
EV71/Homosapiens/VNM/105/2012	7360	1996	1770	1759	1835	0	0	0	0	0
EV71/Homosapiens/VNM/17/2011	7303	1998	1705	1776	1824	0	0	0	0	0
EV71/Homosapiens/VNM/97/2012	7359	1988	1782	1768	1821	0	0	0	0	0
EV71/Homosapiens/VNM/40/2011	7359	1993	1787	1764	1815	0	0	0	0	0
EV71/Homosapiens/VNM/5/2011	7363	2008	1726	1800	1829	0	0	0	0	0
EV71/Homosapiens/VNM/162/2012	7359	1993	1765	1762	1839	0	0	0	0	0
EV71/Homosapiens/VNM/96/2012	7360	1992	1780	1762	1826	0	0	0	0	0
EV71/Homosapiens/VNM/202/2011	7358	1985	1771	1771	1831	0	0	0	0	0
EV71/Homosapiens/VNM/26/2011	7359	1996	1773	1759	1831	0	0	0	0	0
EV71/Homosapiens/VNM/218/2011	7360	1994	1777	1763	1826	0	0	0	0	0
EV71/Homosapiens/VNM/128/2012	7360	1991	1765	1763	1841	0	0	0	0	0
EV71/Homosapiens/VNM/27/2011	7359	1995	1774	1760	1830	0	0	0	0	0
EV71/Homosapiens/VNM/28/2011	7360	1995	1768	1759	1838	0	0	0	0	0
EV71/Homosapiens/VNM/98/2012	7360	1986	1769	1764	1841	0	0	0	0	0
EV71/Homosapiens/VNM/238/2011	7359	1987	1776	1766	1830	0	0	0	0	0
EV71/Homosapiens/VNM/58/2012	7360	1991	1777	1764	1828	0	0	0	0	0
EV71/Homosapiens/VNM/171/2012	7366	1978	1768	1785	1835	0	0	0	0	0
EV71/Homosapiens/VNM/156/2012	7359	1988	1773	1766	1832	0	0	0	0	0
EV71/Homosapiens/VNM/211/2011	7360	1991	1768	1764	1837	0	0	0	0	0
EV71/Homosapiens/VNM/151/2012	7326	1982	1771	1752	1821	0	0	0	0	0
Puyang-461-2012	7366	1994	1779	1757	1836	0	0	0	0	0
EV71/P63/2013/China	7412	2010	1780	1769	1853	0	0	0	0	0
EV71/Homosapiens/KHM/293/2012	7360	1993	1766	1762	1839	0	0	0	0	0
EV71/Homosapiens/KHM/378/2012	7360	1987	1776	1766	1831	0	0	0	0	0
02-1-043	7376	1984	1772	1782	1838	0	0	0	0	0
02-0-065	7370	1990	1764	1769	1833	0	14	0	0	0
02-1-065	7370	1983	1773	1782	1832	0	0	0	0	0
THA_A761	7247	1976	1726	1733	1812	0	0	0	0	0
EV71/SZ50/CHN/2014	7405	2005	1785	1768	1847	0	0	0	0	0
C4-ND-150_Vietnam_DongThap_2012-07-05	6582	1807	1552	1573	1641	0	9	0	0	0
Jena15-984	7242	2001	1719	1747	1775	0	0	0	0	0
EVA71/Homosapiens/VNM/14.2/2012	7201	1936	1697	1712	1773	82	1	0	0	0
N380-Sendai-2012	7402	1979	1776	1806	1841	0	0	0	0	0
K398-Sendai-2006	7397	2003	1765	1772	1857	0	0	0	0	0
452-Yamagata-2003	7395	2001	1765	1771	1858	0	0	0	0	0
2000-Yamagata-2012	7402	2009	1775	1779	1839	0	0	0	0	0
15NHP120	7400	1981	1765	1801	1853	0	0	0	0	0
16NHP399	7402	1995	1768	1789	1850	0	0	0	0	0
16NHP453	7401	1999	1774	1786	1842	0	0	0	0	0
2019-EV-A71-R400	7410	2013	1770	1804	1823	0	0	0	0	0
2019-EV-A71-R477	7410	2019	1771	1798	1822	0	0	0	0	0
2019-EV-A71-R405	7406	1998	1788	1777	1843	0	0	0	0	0
SK-EV006/Malaysia/97	7435	2045	1776	1766	1846	0	2	0	0	0
C7/Osaka-LPS1	7412	2012	1775	1782	1843	0	0	0	0	0
17000	7296	2004	1716	1740	1836	0	0	0	0	0
10196	7321	1991	1738	1759	1831	0	2	0	0	0
1245a/98/tw	7433	2038	1765	1813	1817	0	0	0	0	0
804/NO/03	7410	2028	1753	1799	1830	0	0	0	0	0
E2005125-TW	7439	2053	1734	1809	1843	0	0	0	0	0
LR-CH-06	7307	2004	1729	1771	1803	0	0	0	0	0
523-07T/SD/CHN/07	7406	1998	1790	1780	1838	0	0	0	0	0
TC03F/SD/CHN/07	7406	1993	1793	1785	1835	0	0	0	0	0
NUH0075/SIN/08	7321	1974	1758	1800	1789	0	0	0	0	0
S0318-TW01	7412	2021	1765	1775	1851	0	0	0	0	0
238-TW86	7413	2029	1736	1766	1882	0	0	0	0	0
252-TW86	7413	2013	1731	1779	1886	0	4	0	0	0
BJ08-Z011-4	7405	2016	1797	1761	1831	0	0	0	0	0
TW/1956/05	7413	2019	1783	1773	1838	0	0	0	0	0
TW/2728/04	7414	2019	1783	1772	1840	0	0	0	0	0
TW/2815/04	7414	2017	1781	1774	1842	0	0	0	0	0
TW/2824/04	7414	2016	1783	1775	1840	0	0	0	0	0
GX/LZ08-04/08/CHN	7405	2007	1800	1765	1833	0	0	0	0	0
C2/FY08-C30	7348	1998	1779	1750	1821	0	0	0	0	0
BJ398	7406	2006	1800	1770	1830	0	0	0	0	0
BJ393	7405	2004	1781	1775	1845	0	0	0	0	0
LN009	7405	2011	1786	1765	1843	0	0	0	0	0
EV053_07	7419	2010	1790	1823	1796	0	0	0	0	0
G288-927F/HeN/CHN/2009	7405	2014	1786	1763	1842	0	0	0	0	0
MP4	7460	2067	1773	1812	1808	0	0	0	0	0
GD-DG2011-9	7400	2005	1777	1771	1847	0	0	0	0	0
SDLY11	7405	2017	1785	1759	1844	0	0	0	0	0
N1745-TW08/VP1-E145Q	7462	2056	1785	1777	1844	0	0	0	0	0
N7008-TW99/VP1-E98K+Q145E	7460	2049	1784	1786	1840	0	1	0	0	0
SHAPHC5218/SH/CHN/14	7406	2011	1792	1766	1837	0	0	0	0	0
SHAPHC5287/SH/CHN/14	7406	2005	1790	1768	1843	0	0	0	0	0
SHAPHC5307/SH/CHN/14	7405	2003	1790	1771	1841	0	0	0	0	0
SHAPHC5432/SH/CHN/14	7405	2008	1782	1768	1847	0	0	0	0	0
SEP024	7406	2005	1775	1776	1850	0	0	0	0	0
SiICRC16/TH/2011	7419	2024	1775	1774	1846	0	0	0	0	0
SiICRC03/TH/2012	7418	1999	1776	1799	1844	0	0	0	0	0
2015g03	7404	2014	1769	1761	1860	0	0	0	0	0
31170202	7003	1895	1644	1691	1773	0	0	0	0	0
SI/Isehara/Japan/99	7429	2040	1749	1807	1833	0	0	0	0	0
C7/Osaka/Japan/97	7448	2051	1775	1780	1842	0	0	0	0	0
N384-Sendai-2012	7402	1980	1778	1804	1840	0	0	0	0	0
56-Yamagata-2007	7388	1991	1763	1776	1858	0	0	0	0	0
N377-Sendai-2012	7401	1983	1773	1801	1844	0	0	0	0	0
15NHP105	7400	2005	1765	1778	1852	0	0	0	0	0
16NHP373	7397	2003	1765	1777	1852	0	0	0	0	0
16NHP462	7402	1990	1761	1794	1857	0	0	0	0	0
01	7411	2033	1784	1786	1808	0	0	0	0	0
14	7411	2047	1765	1773	1826	0	0	0	0	0
CF097017	7409	2042	1758	1791	1818	0	0	0	0	0
GRE29	7409	2020	1762	1800	1826	0	1	0	0	0
CAE-CEN-BIY-146-08	7413	2041	1736	1770	1866	0	0	0	0	0
R6_TUN	7409	2014	1768	1806	1817	0	4	0	0	0
EV71/SZ17/CHN/2013	7406	2009	1794	1767	1836	0	0	0	0	0
R186/YN/CHN/2009	7405	2003	1752	1776	1874	0	0	0	0	0
KW24/YN/CHN/2012	7401	2010	1778	1767	1846	0	0	0	0	0
RW40/YN/CHN/2012	7401	2010	1763	1763	1865	0	0	0	0	0
RW46/YN/CHN/2012	7396	2010	1785	1758	1843	0	0	0	0	0
15-355	7343	2000	1744	1779	1820	0	0	0	0	0
DK16-05	7152	1973	1686	1730	1763	0	0	0	0	0
MS/7423/87	7392	2015	1744	1774	1859	0	0	0	0	0
MRT-14-250	7407	2022	1770	1791	1824	0	0	0	0	0
TW-01641-2005	7388	1994	1781	1778	1835	0	0	0	0	0
TW-70389-2008	7394	1997	1779	1776	1842	0	0	0	0	0
TW-96050-2010	7376	2004	1787	1753	1832	0	0	0	0	0
TW-01744-2012	7389	2008	1768	1773	1840	0	0	0	0	0
TW-50490-2012	7388	2007	1767	1774	1840	0	0	0	0	0
TW-50995-2012	7394	1999	1762	1783	1850	0	0	0	0	0
4N	7368	2029	1773	1770	1796	0	0	0	0	0
100-p36-T3	6579	1812	1565	1565	1637	0	0	0	0	0
101-p0	6579	1814	1567	1563	1635	0	0	0	0	0
101-p12	6579	1814	1567	1563	1635	0	0	0	0	0
101-p31-T1	6579	1812	1564	1564	1639	0	0	0	0	0
B5-3	7383	1991	1769	1783	1840	0	0	0	0	0
B5-6	7382	1977	1764	1794	1847	0	0	0	0	0
B5-11	7381	1998	1766	1772	1845	0	0	0	0	0
B5-12	7381	1996	1764	1774	1847	0	0	0	0	0
B5-16	7380	1994	1764	1776	1846	0	0	0	0	0
B5-35	7387	1997	1769	1779	1842	0	0	0	0	0
B5-38	7382	1989	1770	1782	1841	0	0	0	0	0
B5-43	7381	1987	1771	1783	1840	0	0	0	0	0
B5-44	7380	1988	1759	1779	1854	0	0	0	0	0
B5-52	7379	1985	1771	1785	1838	0	0	0	0	0
B5-57	7380	1990	1765	1780	1845	0	0	0	0	0
B5-58	7380	1988	1764	1781	1847	0	0	0	0	0
B5-59	7380	1990	1762	1780	1848	0	0	0	0	0
B5-63	7380	1984	1770	1785	1841	0	0	0	0	0
B5-69	7380	1989	1760	1780	1851	0	0	0	0	0
B5-75	7388	1985	1767	1791	1845	0	0	0	0	0
B5-78	7379	1981	1760	1787	1851	0	0	0	0	0
B5-88	7366	1976	1767	1787	1835	0	1	0	0	0
B5-89	7370	1976	1754	1787	1853	0	0	0	0	0
B5-91	7380	1977	1764	1790	1849	0	0	0	0	0
B5-94	7380	1976	1760	1794	1850	0	0	0	0	0
B5-95	7379	1978	1767	1792	1842	0	0	0	0	0
B5-106	7380	1981	1780	1788	1831	0	0	0	0	0
B5-110	7370	1975	1750	1789	1856	0	0	0	0	0
B5-119	7380	1992	1759	1772	1857	0	0	0	0	0
B5-130	7364	2001	1768	1765	1830	0	0	0	0	0
K17245	7405	2011	1772	1763	1859	0	0	0	0	0
413-C1/YN/CHN/2016	7412	1996	1759	1794	1863	0	0	0	0	0
USA/2018-23298	7408	2034	1774	1786	1814	0	0	0	0	0
TLLbeta	7436	2052	1771	1758	1854	0	1	0	0	0
F6	7412	2003	1782	1781	1846	0	0	0	0	0
2019-EV-A71-R398	7410	2016	1770	1801	1823	0	0	0	0	0
2019-EV-A71-R798	7410	2016	1770	1801	1823	0	0	0	0	0
02363-Thai-02	7409	2028	1762	1801	1818	0	0	0	0	0
3799-SIN-98	7412	2027	1781	1757	1847	0	0	0	0	0
S19841-SAR-03	7412	2011	1783	1775	1843	0	0	0	0	0
EV71/Jiangsu.P.R.C/07.08/10	7312	1982	1767	1747	1816	0	0	0	0	0
EV71/Ningbo.CHN/002/2010	7406	2016	1796	1761	1833	0	0	0	0	0
CQ03-1/CQ/CHN/2003	7404	2008	1782	1765	1849	0	0	0	0	0
V05-2243055	7405	2010	1766	1772	1856	0	1	0	0	0
V07-2231013	7405	2006	1788	1770	1841	0	0	0	0	0
V08-2221581	7405	2013	1789	1764	1839	0	0	0	0	0
SH12-276	7405	2008	1772	1767	1858	0	0	0	0	0
HNCZ/201208	7404	2016	1790	1760	1838	0	0	0	0	0
B5-03172-TW-2011	7414	2008	1786	1781	1839	0	0	0	0	0
M707-TW08	7412	2004	1785	1782	1841	0	0	0	0	0
M202-TW12	7412	2016	1774	1775	1847	0	0	0	0	0
EV71/Homosapiens/VNM/152/2012	7366	1976	1773	1787	1830	0	0	0	0	0
EV71/Homosapiens/VNM/123/2012	7366	1978	1765	1786	1837	0	0	0	0	0
EV71/Homosapiens/VNM/200/2011	7360	1991	1777	1763	1829	0	0	0	0	0
EV71/Homosapiens/VNM/197/2011	7358	1987	1772	1769	1830	0	0	0	0	0
EV71/Homosapiens/VNM/143/2012	7360	1994	1779	1760	1827	0	0	0	0	0
EV71/Homosapiens/VNM/161/2012	7359	1989	1763	1765	1842	0	0	0	0	0
EV71/Homosapiens/VNM/23/2011	7360	1992	1773	1763	1832	0	0	0	0	0
EV71/Homosapiens/VNM/116/2012	7360	1995	1771	1758	1836	0	0	0	0	0
EV71/Homosapiens/VNM/93/2012	7358	1994	1767	1761	1836	0	0	0	0	0
EV71/Homosapiens/VNM/245/2011	7358	1988	1771	1769	1830	0	0	0	0	0
EV71/Homosapiens/VNM/168/2012	7366	1998	1770	1766	1832	0	0	0	0	0
EV71/Homosapiens/VNM/15/2011	7363	2009	1726	1799	1829	0	0	0	0	0
EV71/Homosapiens/VNM/108/2012	7360	1990	1769	1764	1837	0	0	0	0	0
EV71/Homosapiens/VNM/229/2011	7360	1988	1775	1766	1831	0	0	0	0	0
EV71/Homosapiens/VNM/176/2012	7366	1980	1773	1783	1830	0	0	0	0	0
EV71/Homosapiens/VNM/44/2012	7360	1989	1763	1766	1842	0	0	0	0	0
EV71/Homosapiens/VNM/11/2011	7360	1987	1778	1765	1830	0	0	0	0	0
EV71/Homosapiens/VNM/90/2012	7360	1992	1774	1763	1831	0	0	0	0	0
EV71/Homosapiens/VNM/52/2012	7360	1986	1776	1768	1830	0	0	0	0	0
EV71/Homosapiens/VNM/250/2011	7360	1987	1780	1767	1826	0	0	0	0	0
EV71/Homosapiens/VNM/77/2012	7359	1994	1769	1761	1835	0	0	0	0	0
EV71/Homosapiens/VNM/78/2012	7359	1997	1770	1758	1834	0	0	0	0	0
EV71/Homosapiens/VNM/16/2011	7359	1986	1780	1767	1826	0	0	0	0	0
EV71/Homosapiens/VNM/72/2012	7360	1988	1765	1766	1841	0	0	0	0	0
EV71/Homosapiens/VNM/1/2011	7359	1991	1776	1763	1829	0	0	0	0	0
306A	7424	2012	1778	1782	1852	0	0	0	0	0
HuzhouE696/2012/CHN	7415	2019	1785	1764	1847	0	0	0	0	0
Henan-ZMD/CHN/2012	7405	2020	1801	1753	1831	0	0	0	0	0
EV71/P156/2013/China	7405	2011	1796	1760	1838	0	0	0	0	0
EV71/Homosapiens/KHM/354/2012	7024	1905	1694	1681	1744	0	0	0	0	0
EV71/Homosapiens/KHM/299/2012	7255	1972	1747	1735	1801	0	0	0	0	0
EV71/Homosapiens/KHM/287/2012	7330	1978	1773	1759	1820	0	0	0	0	0
EV71/Homosapiens/KHM/315/2013	7326	1987	1768	1749	1822	0	0	0	0	0
EV71/Homosapiens/KHM/302/2012	7359	2001	1775	1759	1824	0	0	0	0	0
EV71/Homosapiens/KHM/368/2012	7360	1991	1772	1764	1833	0	0	0	0	0
02-0-079	7385	1988	1764	1782	1843	0	8	0	0	0
02-1-008	7372	1986	1760	1779	1843	0	4	0	0	0
02-0-023	7371	1974	1771	1787	1822	0	17	0	0	0
02-0-024	7363	1978	1761	1783	1838	0	3	0	0	0
C4	7394	2009	1787	1763	1835	0	0	0	0	0
THA_A1048	7317	1964	1747	1783	1823	0	0	0	0	0
N7008-TW99/VP1-E98K	7460	2049	1785	1785	1840	0	1	0	0	0
C4-ND-152_Vietnam_VinhLong_2012-07-16	6582	1802	1551	1579	1637	0	13	0	0	0
C4-ND-153_Vietnam_HoChiMinh_2012-07-23	6582	1799	1555	1576	1638	0	14	0	0	0
44930/BE/DE2015	7157	1974	1695	1730	1758	0	0	0	0	0
44932/BE/DE2015	7156	1977	1702	1727	1749	0	1	0	0	0
44172/RP/DE2015	7157	1973	1705	1732	1747	0	0	0	0	0
SHAPHC5589/SH/CHN/14	7405	2002	1768	1775	1860	0	0	0	0	0
SI01/TH_NMA_/06	7350	2035	1767	1746	1802	0	0	0	0	0
EVA71/Homosapiens/VNM/12.2/2013	6936	1877	1657	1662	1720	20	0	0	0	0
EVA71/Homosapiens/VNM/13.1/2012	7176	1947	1715	1716	1789	8	1	0	0	0
31170101	7241	1983	1731	1754	1773	0	0	0	0	0
Huainan201403	7356	2006	1777	1739	1834	0	0	0	0	0
Huainan201405	7325	1979	1780	1755	1811	0	0	0	0	0
SK-EV006-org	7410	2020	1774	1766	1847	0	3	0	0	0
SK-EV006-LPS1	7410	2019	1776	1766	1849	0	0	0	0	0
480	7305	1994	1719	1781	1811	0	0	0	0	0
365	7289	1983	1739	1779	1788	0	0	0	0	0
TW/2086/98	7436	2034	1768	1821	1811	2	0	0	0	0
SHZH98	7408	2019	1778	1765	1846	0	0	0	0	0
Tainan/4643/98	7410	2018	1768	1811	1813	0	0	0	0	0
03-KOR-00	7409	2014	1742	1805	1848	0	0	0	0	0
7F-AUS-6-99	7409	2018	1770	1809	1812	0	0	0	0	0
E2004104-TW-CDC	7426	2031	1789	1769	1837	0	0	0	0	0
N3340-TW-02	7405	2022	1792	1762	1829	0	0	0	0	0
EV71/Fuyang.Anhui.P.R.C/17.08/2	7405	2009	1796	1767	1833	0	0	0	0	0
EV71/Zhejiang08	7406	2010	1805	1768	1823	0	0	0	0	0
DTID/ZJU-62	7405	2010	1792	1767	1836	0	0	0	0	0
EV71/GDSG/17/2008	7405	2013	1793	1770	1829	0	0	0	0	0
N2121-TW05	7404	2001	1772	1780	1851	0	0	0	0	0
GZ-08-02	7405	2004	1791	1773	1837	0	0	0	0	0
BJ08-Z020-1	7405	2012	1797	1763	1833	0	0	0	0	0
TW/1101/08	7421	2016	1784	1778	1843	0	0	0	0	0
TW/2871/04	7413	2021	1779	1771	1842	0	0	0	0	0
TW/71552/05	7414	2019	1782	1776	1837	0	0	0	0	0
Chongqing2-09-China	7406	2007	1799	1769	1831	0	0	0	0	0
FY23-K12	7409	2016	1800	1763	1830	0	0	0	0	0
BJ462	7405	2007	1788	1769	1841	0	0	0	0	0
2009-02877	6579	1796	1575	1591	1617	0	0	0	0	0
EV71/Henan/294/2010	7409	2017	1802	1763	1827	0	0	0	0	0
BJ06-SJS06	7309	1981	1777	1741	1810	0	0	0	0	0
4044545	7395	1999	1769	1811	1816	0	0	0	0	0
2010FJLY008	7403	2007	1801	1772	1823	0	0	0	0	0
AH08/06	7405	1999	1790	1777	1839	0	0	0	0	0
EV123_07	7419	2016	1766	1818	1819	0	0	0	0	0
EV073_07	7419	2015	1770	1819	1815	0	0	0	0	0
JK2009	7458	2029	1800	1780	1849	0	0	0	0	0
MP10	7456	2028	1805	1780	1843	0	0	0	0	0
NBChina01	7414	2018	1791	1767	1838	0	0	0	0	0
THA-EV71-002	7329	2013	1732	1779	1805	0	0	0	0	0
THA-EV71-044	7307	2007	1765	1743	1792	0	0	0	0	0
LCH01	7283	1993	1758	1734	1798	0	0	0	0	0
NB/2010/01	7406	2013	1798	1765	1830	0	0	0	0	0
M188-1181F/HeN/CHN/2009	7406	2011	1795	1767	1833	0	0	0	0	0
MRS/09/3663	7395	2002	1765	1803	1818	0	7	0	0	0
EV71/Jinan1002	7404	2005	1791	1774	1834	0	0	0	0	0
EV71/Jinan1005	7404	2013	1791	1767	1833	0	0	0	0	0
HQ09231463	7408	2004	1812	1770	1822	0	0	0	0	0
BJ09/07	7406	2016	1789	1763	1838	0	0	0	0	0
LAZ60-TR	7439	2055	1771	1803	1810	0	0	0	0	0
GD-DG2011-2	7406	2010	1780	1767	1849	0	0	0	0	0
SDLY153	7408	2001	1791	1773	1843	0	0	0	0	0
FY17.08-6/AH/CHN/2008	7404	2009	1800	1767	1828	0	0	0	0	0
SD09-14/SD/CHN/2009	7403	2007	1794	1769	1833	0	0	0	0	0
SH-17/SH/CHN/2002	7404	2034	1776	1752	1842	0	0	0	0	0
V04-2218217	7405	2019	1759	1760	1867	0	0	0	0	0
HNCZ/201203	7404	2007	1801	1766	1830	0	0	0	0	0
B5-NHRIH2011043-V110703172-TW-Nov-5-11	6579	1802	1566	1591	1620	0	0	0	0	0
SHZH98pro	7404	2027	1779	1754	1844	0	0	0	0	0
EV71/Queenmary/HongKong/2012	7405	2023	1798	1754	1830	0	0	0	0	0
H3-TY	7426	2023	1810	1773	1820	0	0	0	0	0
M245-TW08	7412	2001	1786	1786	1839	0	0	0	0	0
M668-TW08	7412	2008	1785	1771	1848	0	0	0	0	0
M1288-TW08	7412	2000	1770	1791	1851	0	0	0	0	0
M617-TW12	7412	2009	1776	1779	1848	0	0	0	0	0
EV71/NX10-147/2010	7406	2013	1795	1765	1833	0	0	0	0	0
C4a-01585-TW-2011	6664	1837	1594	1577	1656	0	0	0	0	0
EV71/Homosapiens/VNM/178/2012	6995	1734	1575	1556	1589	541	0	0	0	0
EV71/Homosapiens/VNM/54/2012	7359	1987	1766	1767	1839	0	0	0	0	0
EV71/Homosapiens/VNM/109/2012	7360	1995	1771	1757	1837	0	0	0	0	0
EV71/Homosapiens/VNM/196/2011	7360	1985	1772	1770	1833	0	0	0	0	0
EV71/Homosapiens/VNM/37/2011	7359	1995	1769	1760	1835	0	0	0	0	0
EV71/Homosapiens/VNM/199/2011	7363	2007	1721	1800	1835	0	0	0	0	0
EV71/Homosapiens/VNM/185/2012	7366	1980	1764	1781	1841	0	0	0	0	0
EV71/Homosapiens/VNM/91/2012	7359	1988	1774	1765	1832	0	0	0	0	0
EV71/Homosapiens/VNM/189/2011	7360	1986	1773	1768	1833	0	0	0	0	0
EV71/Homosapiens/VNM/170/2012	7360	1998	1771	1758	1833	0	0	0	0	0
EV71/Homosapiens/VNM/55/2012	7360	1991	1774	1764	1831	0	0	0	0	0
EV71/Homosapiens/VNM/230/2011	7360	1991	1774	1764	1831	0	0	0	0	0
EV71/Homosapiens/VNM/50/2012	7360	1981	1773	1773	1833	0	0	0	0	0
EV71/Homosapiens/VNM/45/2012	7360	1991	1781	1763	1825	0	0	0	0	0
EV71/Homosapiens/VNM/208/2011	7360	1992	1787	1762	1819	0	0	0	0	0
EV71/Homosapiens/VNM/129/2012	7366	1974	1765	1786	1841	0	0	0	0	0
Laos2011HFMD12V	7379	2003	1788	1758	1830	0	0	0	0	0
HFM008	7292	1983	1740	1748	1821	0	0	0	0	0
SEP001	7292	1984	1740	1748	1820	0	0	0	0	0
N0722-Sendai-2007	7433	2070	1724	1774	1865	0	0	0	0	0
K282-Sendai-2012	7399	1977	1774	1806	1842	0	0	0	0	0
1499-Yamagata-2013	7400	1975	1766	1809	1850	0	0	0	0	0
N133-Sendai-2006	7402	2008	1772	1772	1850	0	0	0	0	0
2498-Yamagata-2006	7393	2001	1765	1771	1856	0	0	0	0	0
15NHP009	7415	1985	1770	1804	1856	0	0	0	0	0
15NHP023	7400	1992	1767	1794	1847	0	0	0	0	0
16NHP391	7395	1998	1771	1769	1857	0	0	0	0	0
06	7411	2041	1776	1781	1812	0	1	0	0	0
25	7409	2031	1771	1786	1821	0	0	0	0	0
R262/YN/CHN/2010	7404	2012	1793	1762	1837	0	0	0	0	0
R1/YN/CHN/2011	7403	2003	1799	1768	1833	0	0	0	0	0
DK07-01	6554	1492	1279	1223	1269	1291	0	0	0	0
DK16-03	7077	1787	1538	1567	1523	662	0	0	0	0
TW-96102-2005	7387	2004	1779	1772	1832	0	0	0	0	0
TW-02389-2008	7394	1999	1787	1774	1834	0	0	0	0	0
TW-03530-2011	7394	2003	1769	1777	1845	0	0	0	0	0
TW-01963-2012	7388	2002	1766	1778	1842	0	0	0	0	0
TW-02664-2012	7390	2004	1767	1780	1839	0	0	0	0	0
TW-50234-2012	7393	2003	1771	1778	1841	0	0	0	0	0
TW-50558-2012	7385	2006	1766	1769	1844	0	0	0	0	0
TW-51045-2012	7394	2011	1773	1770	1840	0	0	0	0	0
160-50	7404	2004	1778	1771	1851	0	0	0	0	0
CMU4232/BJ/CHN/2008	7405	2002	1779	1777	1847	0	0	0	0	0
100-p31-T1	6579	1810	1566	1566	1637	0	0	0	0	0
100-p31-T2	6579	1813	1564	1564	1638	0	0	0	0	0
100-p35-T2	6579	1811	1566	1565	1637	0	0	0	0	0
101-p31-T2	6579	1814	1567	1563	1635	0	0	0	0	0
101-p35-T2	6579	1814	1565	1563	1637	0	0	0	0	0
101-p36-T1	6579	1812	1564	1564	1639	0	0	0	0	0
C4-1	7389	1995	1775	1774	1845	0	0	0	0	0
B5-1	7382	1994	1772	1776	1840	0	0	0	0	0
B5-4	7367	1980	1763	1785	1839	0	0	0	0	0
B5-9	7381	1999	1768	1771	1843	0	0	0	0	0
B5-22	7381	2000	1763	1770	1848	0	0	0	0	0
B5-28	7382	1998	1773	1774	1837	0	0	0	0	0
B5-34	7381	1995	1763	1777	1846	0	0	0	0	0
B5-42	7381	1986	1772	1786	1837	0	0	0	0	0
B5-50	7380	1993	1765	1778	1844	0	0	0	0	0
B5-51	7381	1988	1762	1784	1847	0	0	0	0	0
B5-56	7380	1990	1762	1779	1849	0	0	0	0	0
B5-71	7379	1991	1765	1778	1845	0	0	0	0	0
B5-84	7370	1987	1774	1780	1829	0	0	0	0	0
B5-86	7380	1983	1761	1790	1846	0	0	0	0	0
B5-112	7370	1983	1769	1781	1837	0	0	0	0	0
USA/CO/2018-23026	6798	1895	1603	1624	1676	0	0	0	0	0
S0254a	7405	2003	1792	1767	1843	0	0	0	0	0
Sydney20	6582	1819	1579	1555	1629	0	0	0	0	0
wh064-CHN-2010	7405	2018	1779	1762	1846	0	0	0	0	0
wh170-CHN-2012	7405	2020	1778	1761	1846	0	0	0	0	0
R66/YN/CHN/2016	7412	1990	1766	1802	1854	0	0	0	0	0
97/ST	7411	2026	1773	1761	1851	0	0	0	0	0
TLLeCA16	7439	2067	1774	1762	1836	0	0	0	0	0
No.8	7412	2008	1790	1778	1836	0	0	0	0	0
No.36	7412	2006	1786	1779	1841	0	0	0	0	0
20233	7284	1982	1718	1755	1829	0	0	0	0	0
10098	7339	2009	1751	1779	1800	0	0	0	0	0
3692	7304	1973	1755	1790	1786	0	0	0	0	0
119798	7395	1993	1757	1817	1828	0	0	0	0	0
124098	7395	1985	1761	1824	1825	0	0	0	0	0
EV71/Homosapiens/VNM/233/2011	7359	1991	1773	1766	1829	0	0	0	0	0
Hau1	7464	2065	1762	1816	1821	0	0	0	0	0
EV71/P267/2013/China	7405	2015	1776	1749	1865	0	0	0	0	0
EV71/P654/2013/China	7405	2011	1783	1764	1847	0	0	0	0	0
EV71/P977/2013/China	7412	2010	1800	1766	1836	0	0	0	0	0
EV71/Homosapiens/KHM/260/2012	7360	1997	1773	1760	1830	0	0	0	0	0
EV71/Homosapiens/KHM/304/2012	7361	1995	1773	1762	1831	0	0	0	0	0
EV71/Homosapiens/KHM/342/2012	7163	1928	1725	1711	1779	20	0	0	0	0
EV71/Homosapiens/KHM/392/2012	7320	1987	1764	1746	1823	0	0	0	0	0
EV71/Homosapiens/KHM/313/2012	6509	1781	1552	1550	1626	0	0	0	0	0
EV71/Homosapiens/KHM/295/2012	7360	1994	1773	1761	1832	0	0	0	0	0
EV71/Homosapiens/KHM/311/2012	7360	1989	1770	1764	1837	0	0	0	0	0
EV71/Homosapiens/KHM/275/2012	7360	1990	1770	1764	1836	0	0	0	0	0
EV71/Homosapiens/KHM/394/2012	7360	1990	1783	1767	1820	0	0	0	0	0
EV71/Homosapiens/KHM/360/2012	7207	1946	1743	1729	1789	0	0	0	0	0
EV71/Homosapiens/KHM/367/2012	7358	2005	1771	1769	1813	0	0	0	0	0
EV71/Homosapiens/KHM/336/2012	7360	1989	1777	1766	1828	0	0	0	0	0
EV71/Homosapiens/KHM/400/XXXX	7360	1994	1774	1762	1830	0	0	0	0	0
02-0-071	7376	1981	1766	1788	1840	0	1	0	0	0
03-0-003	7376	1976	1773	1791	1833	0	3	0	0	0
VN152/2011	7416	2008	1784	1773	1849	0	2	0	0	0
THA_A641	7316	1993	1732	1750	1841	0	0	0	0	0
THA_A1570	7268	1957	1728	1765	1814	0	4	0	0	0
4/EV71/Wenzhou/CHN/2014	7405	2009	1778	1764	1854	0	0	0	0	0
N7008-TW99-9	7460	2048	1785	1786	1840	0	1	0	0	0
EV71/SZ42/CHN/2014	7405	2009	1788	1767	1841	0	0	0	0	0
C4-ND-158_Vietnam_BenTre_2012-08-04	6582	1798	1562	1570	1623	16	13	0	0	0
BJ14-2	7405	2007	1799	1767	1832	0	0	0	0	0
SHAPHC5510/SH/CHN/14	7405	2009	1782	1767	1847	0	0	0	0	0
SHAPHC5330/SH/CHN/14	7405	2011	1802	1756	1836	0	0	0	0	0
SHAPHC5468/SH/CHN/14	7405	2002	1773	1776	1854	0	0	0	0	0
SiICRC10/TH/2011	7427	2024	1781	1781	1841	0	0	0	0	0
SiICRC05/TH/2014	7418	1988	1776	1805	1849	0	0	0	0	0
SiICRC06/TH/2014	7398	1974	1779	1806	1839	0	0	0	0	0
SiICRC07/TH/2014	7421	1987	1776	1812	1846	0	0	0	0	0
EVA71/Homosapiens/VNM/14.1/2012	6651	1048	968	935	947	2751	2	0	0	0
32-YN	7362	1993	1768	1759	1842	0	0	0	0	0
CCA	7406	2008	1792	1772	1834	0	0	0	0	0
23	7411	2044	1769	1778	1820	0	0	0	0	0
13	7415	1999	1760	1790	1800	66	0	0	0	0
16	7411	2047	1765	1774	1825	0	0	0	0	0
18	7411	2049	1766	1771	1825	0	0	0	0	0
STU546711	7409	2043	1760	1788	1818	0	0	0	0	0
R176/YN/CHN/2009	7405	2001	1772	1781	1851	0	0	0	0	0
K509/YN/CHN/2010	7406	2004	1803	1766	1833	0	0	0	0	0
R14/YN/CHN/2011	7406	2016	1795	1758	1837	0	0	0	0	0
4-23/XY/CHN/2017	7406	2006	1778	1768	1854	0	0	0	0	0
EV71/SHENZHEN001/2006	7407	1999	1786	1776	1843	0	3	0	0	0
DK07-04	7140	1909	1657	1660	1642	272	0	0	0	0
EV71/CZTN01/CHN/2017	7281	1965	1755	1736	1825	0	0	0	0	0
TW-50837-2016	7394	2000	1788	1763	1843	0	0	0	0	0
TW-01952-2005	7386	2006	1778	1767	1835	0	0	0	0	0
TW-70205-2005	7387	1996	1775	1777	1839	0	0	0	0	0
TW-01112-2012	7394	2006	1773	1775	1840	0	0	0	0	0
TW-02131-2012	7391	2003	1765	1777	1846	0	0	0	0	0
Huainan201401	7376	2009	1780	1747	1840	0	0	0	0	0
100-p12	6579	1815	1564	1562	1638	0	0	0	0	0
100-p17-T1	6579	1819	1563	1561	1636	0	0	0	0	0
100-p35-T3	6579	1814	1565	1562	1638	0	0	0	0	0
101-p35-T1	6579	1812	1564	1564	1639	0	0	0	0	0
101-p36-T2	6579	1813	1565	1564	1637	0	0	0	0	0
C4-2	7389	1996	1776	1773	1844	0	0	0	0	0
B5-2	7383	1999	1763	1772	1849	0	0	0	0	0
B5-5	7381	1981	1766	1787	1847	0	0	0	0	0
B5-7	7380	1999	1757	1773	1851	0	0	0	0	0
B5-15	7381	1998	1762	1771	1850	0	0	0	0	0
B5-20	7381	1991	1764	1780	1846	0	0	0	0	0
B5-24	7381	2000	1767	1772	1842	0	0	0	0	0
B5-27	7381	1994	1764	1776	1847	0	0	0	0	0
B5-32	7381	1997	1775	1775	1834	0	0	0	0	0
B5-41	7389	1986	1762	1789	1852	0	0	0	0	0
B5-53	7380	1988	1768	1783	1841	0	0	0	0	0
B5-55	7368	1995	1764	1770	1837	0	2	0	0	0
B5-65	7380	1978	1751	1792	1859	0	0	0	0	0
B5-96	7380	1978	1760	1792	1850	0	0	0	0	0
B5-97	7381	1987	1761	1787	1846	0	0	0	0	0
B5-116	7381	1988	1769	1783	1841	0	0	0	0	0
B5-126	7380	2003	1769	1771	1837	0	0	0	0	0
B5-128	7364	1999	1767	1768	1830	0	0	0	0	0
B5-133	7380	2002	1772	1769	1837	0	0	0	0	0
Sydney09	6582	1816	1580	1560	1626	0	0	0	0	0
Sydney05	6582	1816	1580	1560	1626	0	0	0	0	0
USA/2018-23124	7335	2012	1747	1772	1804	0	0	0	0	0
G08	7445	2039	1773	1775	1858	0	0	0	0	0
10S3	7408	1986	1758	1833	1831	0	0	0	0	0
A106/YN/CHN/2016	7411	1993	1772	1797	1849	0	0	0	0	0
G63/YN/CHN/2016	7412	1988	1757	1804	1863	0	0	0	0	0
1095-org	7409	2021	1769	1808	1811	0	0	0	0	0
16173	7336	2006	1718	1760	1852	0	0	0	0	0
1416	7271	2010	1711	1753	1797	0	0	0	0	0
SHZH03	7406	2007	1780	1768	1851	0	0	0	0	0
pinf7-54A	7464	2073	1760	1813	1818	0	0	0	0	0
SB2864-SAR-00	7411	2012	1773	1781	1845	0	0	0	0	0
MY821-3-SAR-97	7411	2022	1781	1765	1843	0	0	0	0	0
MY104-9-SAR-97	7411	2024	1785	1761	1841	0	0	0	0	0
CSF-CH-06	7359	2018	1736	1787	1818	0	0	0	0	0
DTID/ZJU-74	7405	2012	1796	1765	1832	0	0	0	0	0
EV71/GDFS/3/2008	7405	1997	1774	1782	1852	0	0	0	0	0
N7008-TW99	7413	2001	1786	1789	1837	0	0	0	0	0
Fuyang-0805	7405	2014	1805	1761	1825	0	0	0	0	0
Henan2-09-China	7396	2004	1777	1775	1840	0	0	0	0	0
FY23-K14	7406	2015	1800	1764	1827	0	0	0	0	0
2009-03531	7318	1977	1761	1764	1816	0	0	0	0	0
EV71/HENAN/DC/2010	7406	2015	1770	1767	1854	0	0	0	0	0
KMM/09	7405	2006	1774	1771	1854	0	0	0	0	0
EV003_07	7419	2014	1761	1819	1825	0	0	0	0	0
Fuyang200805	7456	2026	1807	1782	1841	0	0	0	0	0
EV71/JN200803	7405	2007	1786	1769	1843	0	0	0	0	0
Xiangyang-Hubei-09	6579	1825	1567	1554	1633	0	0	0	0	0
EV71/Jinan1006	7404	2013	1804	1762	1825	0	0	0	0	0
EV71/Ningbo.CHN/107-2/2009	7406	2016	1792	1762	1835	0	1	0	0	0
GD-DG2011-1	7405	2009	1779	1769	1848	0	0	0	0	0
SDLY107	7405	2013	1802	1761	1829	0	0	0	0	0
FY17.08-5/AH/CHN/2008	7404	2011	1799	1766	1828	0	0	0	0	0
202/Jingdezhen/China/HFMD_Severe/2011	7405	2020	1796	1765	1824	0	0	0	0	0
V08-2236079	7409	1996	1774	1824	1815	0	0	0	0	0
V10-2234054	7404	2005	1787	1771	1841	0	0	0	0	0
SH12-036	7406	2008	1785	1761	1852	0	0	0	0	0
HNCZ/201211	7404	2004	1781	1774	1845	0	0	0	0	0
B5-96015-TW-2012	7411	2013	1769	1780	1849	0	0	0	0	0
TLLmv	7421	2012	1767	1790	1852	0	0	0	0	0
M448-TW08	7412	2006	1784	1776	1846	0	0	0	0	0
M1473-TW08	7412	2012	1771	1775	1854	0	0	0	0	0
M1644-TW08	7412	1998	1781	1789	1844	0	0	0	0	0
M538-TW12	7412	2014	1770	1777	1851	0	0	0	0	0
EV71/Hun12-14/2012	7406	1999	1785	1774	1848	0	0	0	0	0
EV71/GD10-12/2010	7405	2015	1794	1762	1834	0	0	0	0	0
EV71/GD10-45/2010	7405	1991	1782	1787	1845	0	0	0	0	0
Hubei-HG/CHN/2012	7405	2005	1770	1774	1856	0	0	0	0	0
EV71/Homosapiens/VNM/75/2012	7358	1980	1776	1773	1829	0	0	0	0	0
EV71/Homosapiens/VNM/35/2011	7360	1988	1777	1766	1829	0	0	0	0	0
EV71/Homosapiens/VNM/39/2011	7357	1985	1790	1765	1817	0	0	0	0	0
EV71/Homosapiens/VNM/57/2012	7360	1996	1779	1758	1827	0	0	0	0	0
EV71/Homosapiens/VNM/193/2011	7360	1988	1763	1767	1842	0	0	0	0	0
EV71/Homosapiens/VNM/225/2011	7360	1988	1774	1765	1833	0	0	0	0	0
EV71/Homosapiens/VNM/41/2011	7359	1998	1769	1757	1835	0	0	0	0	0
EV71/Homosapiens/VNM/9/2011	7360	1995	1774	1759	1832	0	0	0	0	0
EV71/Homosapiens/VNM/25/2011	7361	1996	1771	1758	1836	0	0	0	0	0
EV71/Homosapiens/VNM/186/2011	7358	1981	1774	1773	1830	0	0	0	0	0
EV71/Homosapiens/VNM/198/2011	7360	1991	1784	1763	1822	0	0	0	0	0
EV71/Homosapiens/VNM/71/2012	7359	1994	1769	1761	1835	0	0	0	0	0
EV71/Homosapiens/VNM/138/2012	7359	1990	1771	1768	1830	0	0	0	0	0
EV71/Homosapiens/VNM/67/2012	7360	1996	1773	1757	1834	0	0	0	0	0
EV71/Homosapiens/VNM/33/2011	7360	1995	1772	1760	1833	0	0	0	0	0
EV71/Homosapiens/VNM/14/2011	7359	1988	1769	1764	1838	0	0	0	0	0
EV71/Homosapiens/VNM/113/2012	7366	1977	1767	1786	1836	0	0	0	0	0
EV71/Homosapiens/VNM/206/2011	7360	1990	1769	1766	1835	0	0	0	0	0
EV71/Homosapiens/VNM/227/2011	7360	1995	1774	1759	1832	0	0	0	0	0
EV71/Homosapiens/VNM/236/2011	7360	1992	1780	1762	1826	0	0	0	0	0
EV71/Homosapiens/VNM/163/2012	7359	1991	1765	1764	1839	0	0	0	0	0
EV71/Homosapiens/VNM/47/2012	7359	1994	1769	1761	1835	0	0	0	0	0
EV71/Homosapiens/VNM/89/2012	7359	1995	1766	1760	1838	0	0	0	0	0
EV71/Homosapiens/VNM/167/2012	7353	1992	1774	1757	1830	0	0	0	0	0
EV71/Homosapiens/VNM/192/2011	7366	1978	1770	1786	1832	0	0	0	0	0
EV71/Homosapiens/VNM/59/2012	7359	1994	1784	1763	1818	0	0	0	0	0
Puyang-451-2012	7366	1998	1779	1753	1836	0	0	0	0	0
IM11	7408	2010	1774	1767	1857	0	0	0	0	0
2008-43-16	7407	2016	1796	1761	1834	0	0	0	0	0
2006-52-9	7406	2004	1791	1775	1836	0	0	0	0	0
Taipei/C4-Y100-P5/2011	7275	1983	1761	1727	1804	0	0	0	0	0
EV71/P1027/2013/China	7412	2004	1790	1786	1832	0	0	0	0	0
EV71/Homosapiens/KHM/384/2012	7341	1990	1759	1757	1835	0	0	0	0	0
EV71/Homosapiens/KHM/284/2012	6786	1858	1615	1616	1697	0	0	0	0	0
EV71/Homosapiens/KHM/359/2012	7359	1988	1783	1761	1827	0	0	0	0	0
EV71/Homosapiens/KHM/298/2012	7360	1997	1770	1760	1833	0	0	0	0	0
EV71/Homosapiens/KHM/274/2012	7003	1895	1680	1686	1742	0	0	0	0	0
02-0-070	7377	1987	1769	1781	1836	0	4	0	0	0
THA_A578	7310	1993	1734	1747	1836	0	0	0	0	0
THA_A851	7276	1985	1730	1739	1822	0	0	0	0	0
THA_A1008	7317	1964	1747	1783	1823	0	0	0	0	0
THA_A577	7318	1997	1736	1747	1837	0	1	0	0	0
11/EV71/Wenzhou/CHN/2014	7405	2013	1791	1752	1849	0	0	0	0	0
120/EV71/Wenzhou/CHN/2014	7405	2008	1767	1767	1863	0	0	0	0	0
N7008-TW99/VP1-E164D	7460	2048	1786	1785	1840	0	1	0	0	0
EV71/SZ25/CHN/2014	7405	2016	1791	1758	1839	0	1	0	0	0
EV71/SZ88/CHN/2014	7405	2003	1784	1771	1847	0	0	0	0	0
C4-ND-200_Vietnam_HoChiMinh_2012-03-28	6582	1801	1564	1577	1629	0	11	0	0	0
43538/MV/DE2015	7156	1971	1704	1732	1749	0	0	0	0	0
HFM040	7404	2010	1774	1771	1849	0	0	0	0	0
HFM057	7407	2001	1780	1776	1850	0	0	0	0	0
SEP042	6931	1897	1641	1653	1740	0	0	0	0	0
N343-Sendai-2012	7402	1979	1774	1806	1843	0	0	0	0	0
K528-Sendai-2003	7395	2012	1767	1760	1856	0	0	0	0	0
K258-Sendai-2003	7395	2006	1760	1769	1860	0	0	0	0	0
100-Yamagata-2003	7393	2001	1765	1772	1855	0	0	0	0	0
15NHP019	7413	2001	1772	1789	1851	0	0	0	0	0
15NHP152	7399	1980	1767	1797	1855	0	0	0	0	0
15NHP226	7397	1981	1763	1799	1854	0	0	0	0	0
16NHP450	7404	1993	1763	1793	1855	0	0	0	0	0
16NHP475	7394	1997	1768	1772	1857	0	0	0	0	0
E1/ZS/CHZ/2009	7405	2011	1794	1765	1835	0	0	0	0	0
TLLalpha	7412	2006	1775	1787	1842	0	2	0	0	0
TLLalpha-P20	7428	2022	1775	1787	1844	0	0	0	0	0
F7	7412	2007	1779	1779	1847	0	0	0	0	0
F22	7412	2006	1783	1777	1846	0	0	0	0	0
No.22	7412	2014	1776	1772	1850	0	0	0	0	0
1095-LPS1	7409	2020	1770	1809	1810	0	0	0	0	0
C7/Osaka-org	7412	2013	1775	1782	1842	0	0	0	0	0
75-Yamagata-org	7404	2006	1766	1771	1861	0	0	0	0	0
2485	7287	1974	1751	1782	1780	0	0	0	0	0
10118	7322	1969	1767	1802	1784	0	0	0	0	0
TW/2272/98	7436	2017	1749	1812	1850	8	0	0	0	0
ENT/PM/SHA71	7408	2035	1759	1797	1817	0	0	0	0	0
EV71/SAR/SHA63	7402	2015	1777	1770	1840	0	0	0	0	0
E2002042-TW-CDC	7435	2045	1775	1770	1845	0	0	0	0	0
PLday4-CH-06	7326	2007	1733	1777	1809	0	0	0	0	0
FY23	7409	2003	1804	1775	1827	0	0	0	0	0
244-TW86	7413	2024	1732	1769	1888	0	0	0	0	0
GZ-08-03	7395	1993	1795	1779	1828	0	0	0	0	0
BJ08-Z004-3	7405	2010	1769	1766	1860	0	0	0	0	0
121/SHENZHEN/08/China/HFMDFatal/2008	7404	2021	1802	1763	1818	0	0	0	0	0
605/SHENZHEN/08/China/HFMDSevere/2008	7404	2017	1797	1759	1831	0	0	0	0	0
TW/70902/08	7421	2016	1784	1783	1838	0	0	0	0	0
TW/71428/05	7413	2017	1774	1774	1848	0	0	0	0	0
SZ/HK08-5	7405	1993	1778	1784	1850	0	0	0	0	0
EV71-Hubei-09-China	7408	2042	1749	1769	1848	0	0	0	0	0
BJ366	7405	2014	1795	1768	1828	0	0	0	0	0
87-2008Xi'anShaanxi	7414	2001	1786	1792	1835	0	0	0	0	0
2008-07776	7348	1993	1761	1781	1813	0	0	0	0	0
HUN/1978	7412	2023	1731	1774	1884	0	0	0	0	0
EV063_04	7421	2023	1755	1822	1821	0	0	0	0	0
EV049_07	7418	2019	1765	1815	1819	0	0	0	0	0
MP10-2010	7456	2027	1806	1780	1843	0	0	0	0	0
Guangdong2009	7404	2008	1806	1781	1808	0	1	0	0	0
MP10-2	7456	2027	1808	1777	1844	0	0	0	0	0
M186-1179F/HeN/CHN/2009	7406	2012	1787	1765	1842	0	0	0	0	0
GD-DG2011-5	7406	2011	1779	1767	1849	0	0	0	0	0
SDLY48	7405	2008	1780	1766	1851	0	0	0	0	0
BJ14-1	7406	1989	1797	1785	1835	0	0	0	0	0
SHAPHC5251/SH/CHN/14	7406	2010	1797	1761	1838	0	0	0	0	0
SiICRC01/TH/2012	7416	1997	1772	1799	1848	0	0	0	0	0
SiICRC10/TH/2012	7420	1997	1765	1801	1857	0	0	0	0	0
SiICRC01/TH/2013	7417	1995	1785	1801	1836	0	0	0	0	0
301	6582	1808	1562	1574	1638	0	0	0	0	0
SiICRC13/TH/2011	7431	2027	1772	1783	1849	0	0	0	0	0
31170098	7312	1967	1736	1762	1846	1	0	0	0	0
07	7411	2035	1782	1785	1809	0	0	0	0	0
STU562356	7410	2033	1754	1802	1817	0	4	0	0	0
CF210042	7409	2017	1759	1805	1828	0	0	0	0	0
EV-A71-C4-MAD-2017-7366	7346	2030	1730	1761	1825	0	0	0	0	0
MAD-3126-11	7413	2043	1749	1772	1849	0	0	0	0	0
R134/YN/CHN/2009	7405	2021	1785	1751	1848	0	0	0	0	0
R464/YN/CHN/2010	7395	2013	1797	1758	1827	0	0	0	0	0
R615/YN/CHN/2010	7402	2013	1784	1764	1841	0	0	0	0	0
R17/YN/CHN/2011	7405	2008	1786	1761	1850	0	0	0	0	0
K36/YN/CHN/2013	7406	2001	1787	1769	1849	0	0	0	0	0
30-2/2015/BJ	7409	1996	1771	1825	1817	0	0	0	0	0
DK07-02	7062	1639	1442	1436	1377	1168	0	0	0	0
TW-50996-2015	7394	1996	1789	1766	1843	0	0	0	0	0
TW-00921-2015	7394	1978	1760	1800	1856	0	0	0	0	0
TW-00998-2005	7387	2002	1785	1769	1831	0	0	0	0	0
TW-70954-2008	7394	1997	1772	1780	1845	0	0	0	0	0
TW-72031-2008	7394	1996	1788	1780	1830	0	0	0	0	0
TW-71215-2011	7388	2006	1776	1761	1845	0	0	0	0	0
TW-01807-2012	7379	2007	1763	1765	1844	0	0	0	0	0
TW-01889-2012	7394	2001	1762	1782	1849	0	0	0	0	0
TW-01904-2012	7390	2008	1771	1775	1836	0	0	0	0	0
C068/CHW/AUS/2016	7362	1985	1745	1807	1825	0	0	0	0	0
5N	7368	2027	1769	1772	1800	0	0	0	0	0
6N	7368	2026	1773	1772	1797	0	0	0	0	0
100-p0	6579	1814	1565	1563	1637	0	0	0	0	0
B5-8	7382	2000	1766	1771	1845	0	0	0	0	0
B5-13	7381	1995	1764	1775	1847	0	0	0	0	0
B5-46	7366	1990	1757	1775	1844	0	0	0	0	0
B5-82	7366	1978	1765	1783	1839	0	1	0	0	0
B5-83	7380	1985	1769	1785	1841	0	0	0	0	0
B5-85	7368	1982	1761	1786	1838	0	1	0	0	0
B5-92	7380	1978	1767	1793	1842	0	0	0	0	0
B5-108	7380	1969	1769	1799	1843	0	0	0	0	0
B5-115	7380	1980	1762	1787	1851	0	0	0	0	0
B5-117	7378	1986	1760	1789	1843	0	0	0	0	0
B5-121	7388	1998	1757	1775	1858	0	0	0	0	0
B5-122	7386	1995	1768	1778	1845	0	0	0	0	0
B5-131	7380	2010	1770	1765	1835	0	0	0	0	0
B5-134	7380	2006	1771	1765	1838	0	0	0	0	0
USA/2018-23092	7389	2012	1766	1799	1812	0	0	0	0	0
Sydney18	6582	1819	1579	1555	1629	0	0	0	0	0
SB6-297-2	7412	2010	1774	1781	1847	0	0	0	0	0
BrCr	7408	2030	1757	1774	1847	0	0	0	0	0
11316	7306	1976	1737	1763	1830	0	0	0	0	0
PP37-MAL-01	7411	2002	1775	1788	1846	0	0	0	0	0
EV71/Ningbo.CHN/069/2010	7406	2008	1800	1767	1831	0	0	0	0	0
H8-1	7405	1997	1809	1777	1822	0	0	0	0	0
HeN09-17/HeN/CHN/2009	7401	2007	1795	1768	1828	2	1	0	0	0
V06-2218645	7406	2018	1781	1764	1843	0	0	0	0	0
V09-2225777	7404	1991	1783	1783	1847	0	0	0	0	0
VR1432	7408	2009	1760	1815	1824	0	0	0	0	0
M654-TW12	7412	2011	1767	1780	1854	0	0	0	0	0
EV71/Hun12-10/2012	7405	2010	1787	1763	1845	0	0	0	0	0
wenzhou011	7102	1941	1708	1688	1765	0	0	0	0	0
EV71/Homosapiens/VNM/213/2011	7360	1989	1777	1769	1825	0	0	0	0	0
EV71/Homosapiens/VNM/153/2012	7360	1991	1768	1765	1836	0	0	0	0	0
EV71/Homosapiens/VNM/135/2012	7360	1989	1777	1765	1829	0	0	0	0	0
EV71/Homosapiens/VNM/46/2012	7360	1985	1779	1768	1828	0	0	0	0	0
EV71/Homosapiens/VNM/228/2011	7359	1990	1770	1764	1835	0	0	0	0	0
EV71/Homosapiens/VNM/8/2011	7360	1991	1780	1763	1826	0	0	0	0	0
EV71/Homosapiens/VNM/110/2012	7360	1990	1777	1764	1829	0	0	0	0	0
EV71/Homosapiens/VNM/184/2012	7358	1990	1775	1768	1825	0	0	0	0	0
EV71/Homosapiens/VNM/160/2012	7358	1989	1771	1762	1836	0	0	0	0	0
EV71/Homosapiens/VNM/241/2011	7359	1992	1776	1762	1829	0	0	0	0	0
EV71/Homosapiens/VNM/164/2012	7360	1991	1778	1763	1828	0	0	0	0	0
EV71/Homosapiens/VNM/31/2011	7360	1988	1773	1769	1830	0	0	0	0	0
EV71/Homosapiens/VNM/4/2011	7359	1991	1777	1762	1829	0	0	0	0	0
EV71/Homosapiens/VNM/210/2011	7360	1990	1774	1764	1832	0	0	0	0	0
EV71/Homosapiens/VNM/148/2012	7360	1991	1779	1763	1827	0	0	0	0	0
EV71/Homosapiens/VNM/7/2011	7360	1994	1773	1760	1833	0	0	0	0	0
EV71/Homosapiens/VNM/169/2012	6161	1650	1516	1491	1504	0	0	0	0	0
EV71/Homosapiens/VNM/173/2012	7359	1990	1780	1756	1833	0	0	0	0	0
EV71/Homosapiens/VNM/149/2012	7360	1991	1782	1763	1824	0	0	0	0	0
EV71/Homosapiens/VNM/42/2011	7360	1985	1777	1768	1830	0	0	0	0	0
EV71/Homosapiens/VNM/99/2012	7359	1999	1767	1758	1835	0	0	0	0	0
EV71/Homosapiens/VNM/155/2012	7360	1987	1781	1766	1826	0	0	0	0	0
EV71/Homosapiens/VNM/144/2012	7281	1981	1732	1746	1822	0	0	0	0	0
EV71/Homosapiens/VNM/12/2011	7360	1989	1773	1765	1833	0	0	0	0	0
EV71/Homosapiens/VNM/62/2012	7366	1975	1772	1786	1833	0	0	0	0	0
EV71/Homosapiens/VNM/191/2011	7363	2018	1712	1788	1845	0	0	0	0	0
306B	7424	2028	1790	1770	1836	0	0	0	0	0
HuzhouE371/2011/CHN	7415	2008	1771	1780	1856	0	0	0	0	0
wh029	7406	2003	1789	1771	1843	0	0	0	0	0
EV71/P1031/2013/China	7405	2004	1776	1770	1855	0	0	0	0	0
EV71/P222/2013/China	7405	2007	1792	1766	1840	0	0	0	0	0
EV71/P868/2013/China	7405	2001	1775	1771	1858	0	0	0	0	0
EV71/P990/2013/China	7414	2015	1792	1754	1853	0	0	0	0	0
EV71/Homosapiens/KHM/297/2012	7358	1992	1775	1763	1828	0	0	0	0	0
EV71/Homosapiens/KHM/397/2012	7226	1959	1745	1723	1799	0	0	0	0	0
EV71/Homosapiens/KHM/377/2012	7360	1989	1769	1765	1837	0	0	0	0	0
EV71/Homosapiens/KHM/277/2012	7345	1992	1776	1750	1827	0	0	0	0	0
EV71/Homosapiens/KHM/285/2012	7123	1933	1712	1707	1771	0	0	0	0	0
EV71/Homosapiens/KHM/362/2012	7360	1991	1774	1764	1831	0	0	0	0	0
EV71/Homosapiens/KHM/374/2012	7286	1977	1752	1740	1817	0	0	0	0	0
EV71/Homosapiens/KHM/319/2013	7082	1921	1695	1695	1771	0	0	0	0	0
EV71/Homosapiens/KHM/271/2012	7360	1988	1778	1766	1828	0	0	0	0	0
02-1-005	7369	1972	1765	1788	1840	0	4	0	0	0
EV71/SZ07/CHN/2014	7405	2016	1789	1755	1845	0	0	0	0	0
EV71/SZ12/CHN/2014	7405	2019	1775	1758	1853	0	0	0	0	0
C4-ND-171_Vietnam_BinhDuong_2012-02-18	6582	1802	1566	1580	1629	0	5	0	0	0
C4-ND-198_Vietnam_HoChiMinh_2012-03-21	6582	1804	1567	1574	1627	0	10	0	0	0
EV-A71/PMKA1300/THA/2011	7366	1997	1771	1768	1830	0	0	0	0	0
SEP006	7406	2004	1786	1777	1839	0	0	0	0	0
EVA71/Homosapiens/VNM/13.2/2012	7165	1944	1706	1720	1795	0	0	0	0	0
1888-Yamagata-2012	7402	1981	1768	1804	1849	0	0	0	0	0
1859-Yamagata-2012	7402	1980	1772	1803	1847	0	0	0	0	0
K404-Sendai-2003	7405	2016	1769	1764	1856	0	0	0	0	0
1138-Yamagata-2003	7398	2005	1762	1769	1862	0	0	0	0	0
15NHP003	7403	1984	1769	1796	1854	0	0	0	0	0
16NHP400	6646	1766	1587	1632	1661	0	0	0	0	0
16NHP455	7392	2000	1770	1768	1854	0	0	0	0	0
subgenotypeB5	7412	1988	1765	1800	1859	0	0	0	0	0
EVA71/KM18A/Kunming/CHN/2019	7266	1969	1776	1732	1787	2	0	0	0	0
KED005-org	7409	2033	1765	1792	1817	0	2	0	0	0
10076	7333	1980	1741	1767	1845	0	0	0	0	0
11977	7292	1995	1726	1745	1826	0	0	0	0	0
11590	7301	1982	1735	1756	1828	0	0	0	0	0
UH1/PM/1997	7411	2008	1765	1789	1849	0	0	0	0	0
ST-CH-06	7254	1986	1717	1764	1785	0	2	0	0	0
2007-07364	7342	2010	1727	1783	1822	0	0	0	0	0
EV71/Fuyang.Anhui.P.R.C/17.08/3	7405	2010	1797	1766	1832	0	0	0	0	0
518-03F/SD/CHN/07	7405	1999	1792	1778	1836	0	0	0	0	0
523-05T/SD/CHN/07	7406	1998	1785	1780	1843	0	0	0	0	0
S0584-TW04	7404	2002	1783	1777	1842	0	0	0	0	0
237-TW86	7414	2027	1724	1768	1895	0	0	0	0	0
M0380-TW08	7411	1999	1772	1791	1849	0	0	0	0	0
NUH0083/SIN/08	7354	1990	1768	1768	1828	0	0	0	0	0
BJ08-Z025-5	7405	2015	1794	1768	1828	0	0	0	0	0
TW/96002/08	7421	2021	1778	1777	1845	0	0	0	0	0
TW/96016/08	7421	2013	1783	1781	1844	0	0	0	0	0
Chongqing3-09-China	7404	2009	1785	1765	1845	0	0	0	0	0
C1/FY08-C30-P9	7358	2001	1781	1752	1824	0	0	0	0	0
C1/FY08-C30-P11	7353	1999	1779	1751	1824	0	0	0	0	0
EV71/Henan/399/2010	7406	2012	1805	1757	1831	0	1	0	0	0
cmuh-050530-5	7404	2014	1781	1774	1835	0	0	0	0	0
124151	7395	1988	1760	1821	1826	0	0	0	0	0
EV144_06	7416	2022	1779	1765	1850	0	0	0	0	0
EV034_06	7416	2023	1777	1764	1852	0	0	0	0	0
BZ200805	7457	2043	1794	1764	1856	0	0	0	0	0
Shanghai27-2009	7405	2008	1792	1769	1836	0	0	0	0	0
Shanghai28-2009	7406	2013	1797	1766	1830	0	0	0	0	0
THA-EV71-019	7326	2004	1747	1753	1822	0	0	0	0	0
MP9-1	7456	2029	1806	1777	1844	0	0	0	0	0
G398-1037F/HeN/CHN/2009	7404	2012	1784	1765	1843	0	0	0	0	0
Kaifeng/2010	7405	1999	1794	1775	1837	0	0	0	0	0
TS	7406	2001	1786	1776	1843	0	0	0	0	0
35/Jingdezhen/China/HFMD_Severe/2011	7406	2002	1793	1767	1844	0	0	0	0	0
01011Y	7412	2011	1794	1766	1839	0	2	0	0	0
N1745-TW08/VP1-K98E	7462	2055	1784	1779	1844	0	0	0	0	0
N1745-TW08/VP1-K98E+E145Q	7462	2055	1785	1778	1844	0	0	0	0	0
N7008-TW99/VP1-Q145E	7460	2048	1784	1787	1840	0	1	0	0	0
SHAPHC5271/SH/CHN/14	7404	1996	1782	1773	1853	0	0	0	0	0
SEP014_EV-A71	7406	2010	1781	1772	1843	0	0	0	0	0
SiICRC04/TH/2012	7422	2033	1771	1766	1852	0	0	0	0	0
SiICRC05/TH/2012	7417	2034	1766	1762	1855	0	0	0	0	0
SiICRC06/TH/2012	7419	2030	1766	1768	1855	0	0	0	0	0
SiICRC09/TH/2012	7414	1993	1763	1803	1855	0	0	0	0	0
31170151	7294	1961	1735	1759	1838	1	0	0	0	0
2716-Yamagata-03	7434	2027	1774	1785	1848	0	0	0	0	0
N803-Sendai-2003	7394	2012	1765	1761	1856	0	0	0	0	0
2488-Yamagata-2006	7395	2003	1765	1769	1858	0	0	0	0	0
15NHP128	7399	1982	1772	1799	1846	0	0	0	0	0
15NHP107	7394	1997	1771	1778	1848	0	0	0	0	0
16NHP436	7398	1997	1800	1769	1832	0	0	0	0	0
04	7412	1981	1750	1751	1782	148	0	0	0	0
17	7411	2033	1762	1757	1809	50	0	0	0	0
26	7413	2031	1780	1791	1811	0	0	0	0	0
CAE-LIT-CIP-041-08	7409	2035	1749	1801	1824	0	0	0	0	0
R165/YN/CHN/2009	7404	2017	1790	1766	1831	0	0	0	0	0
R22/YN/CHN/2011	7406	2015	1784	1764	1843	0	0	0	0	0
RW14/YN/CHN/2012	7394	2012	1796	1754	1832	0	0	0	0	0
K34/YN/CHN/2013	7407	1998	1789	1770	1850	0	0	0	0	0
K38/YN/CHN/2013	7405	2011	1785	1761	1848	0	0	0	0	0
R50/YN.CHN/2013	7403	2023	1776	1752	1852	0	0	0	0	0
6-4/XY/CHN/2017	7406	2004	1772	1771	1859	0	0	0	0	0
DK16-08	7107	1682	1419	1380	1348	1278	0	0	0	0
EV71-NJ2017iso2	7358	1994	1753	1762	1849	0	0	0	0	0
EV71-NJ2017iso1	7365	1999	1767	1749	1850	0	0	0	0	0
B5-141-6-5-TW-11	7443	2041	1774	1777	1851	0	0	0	0	0
TW-01361-2005	7386	1998	1776	1771	1841	0	0	0	0	0
TW-70751-2005	7388	2002	1786	1770	1830	0	0	0	0	0
TW-72523-2008	7394	1999	1777	1776	1842	0	0	0	0	0
TW-01100-2010	7387	2008	1782	1760	1837	0	0	0	0	0
TW-00583-2012	7394	2000	1770	1779	1845	0	0	0	0	0
TW-01485-2012	7385	2004	1766	1772	1843	0	0	0	0	0
TW-01788-2012	7386	2006	1767	1768	1845	0	0	0	0	0
TW-02314-2012	7376	1994	1763	1775	1844	0	0	0	0	0
TW-03112-2012	7392	2001	1763	1782	1846	0	0	0	0	0
TW-50193-2012	7394	2009	1767	1774	1844	0	0	0	0	0
TW-51126-2012	7394	2003	1768	1779	1844	0	0	0	0	0
TW-51135-2012	7394	2003	1764	1779	1848	0	0	0	0	0
TW-50144-2013	7394	2007	1766	1779	1842	0	0	0	0	0
17F	7368	2025	1769	1772	1802	0	0	0	0	0
100-p36-T1	6579	1811	1567	1564	1637	0	0	0	0	0
101-p31-T3	6579	1815	1565	1562	1637	0	0	0	0	0
C4-3	7389	1999	1777	1769	1844	0	0	0	0	0
C4-5	7388	1994	1773	1778	1843	0	0	0	0	0
B5-14	7381	1996	1764	1774	1847	0	0	0	0	0
B5-17	7380	1996	1768	1774	1842	0	0	0	0	0
B5-18	7380	1992	1759	1778	1851	0	0	0	0	0
B5-19	7380	1990	1758	1779	1853	0	0	0	0	0
B5-26	7381	1994	1767	1776	1844	0	0	0	0	0
B5-29	7381	1995	1774	1776	1836	0	0	0	0	0
B5-73	7380	1987	1764	1781	1848	0	0	0	0	0
B5-74	7380	1986	1764	1782	1848	0	0	0	0	0
B5-77	7380	1989	1766	1780	1845	0	0	0	0	0
B5-81	7371	1976	1760	1787	1845	0	3	0	0	0
B5-105	7379	1979	1776	1790	1834	0	0	0	0	0
B5-114	7388	1987	1773	1787	1841	0	0	0	0	0
R59/YN/CHN/2016	7412	1994	1764	1799	1855	0	0	0	0	0
F17	7412	2009	1781	1777	1845	0	0	0	0	0
No.1	7412	2009	1789	1776	1838	0	0	0	0	0
No.40	7412	2002	1780	1783	1847	0	0	0	0	0
2019-EV-A71-R431	7406	1996	1799	1773	1838	0	0	0	0	0
S10862-SAR-98	7409	2028	1768	1797	1816	0	0	0	0	0
1M-AUS-12-00	7409	2031	1755	1796	1827	0	0	0	0	0
EV71/Ningbo.CHN/076/2009	7406	2013	1798	1765	1830	0	0	0	0	0
FY17.08-7/AH/CHN/2008	7405	2007	1790	1771	1837	0	0	0	0	0
FY17.08-8/AH/CHN/2008	7404	2008	1803	1769	1824	0	0	0	0	0
HeN09-1/HeN/CHN/2009	7404	2010	1795	1770	1829	0	0	0	0	0
Wuhan1042/HuB/CHN/2011	7405	2007	1796	1768	1834	0	0	0	0	0
Anhui2007	7405	1999	1792	1778	1836	0	0	0	0	0
GDV103	7404	2012	1790	1763	1839	0	0	0	0	0
A2011125	7338	1987	1762	1760	1829	0	0	0	0	0
TLLm	7438	2022	1772	1787	1856	0	1	0	0	0
M314-TW08	7412	1998	1787	1788	1839	0	0	0	0	0
M990-TW12	7412	2011	1773	1779	1849	0	0	0	0	0
M1577-TW12	7412	2014	1769	1776	1853	0	0	0	0	0
EV71/Hun11-32/2011	7406	2015	1783	1761	1847	0	0	0	0	0
EV71/Hun11-4/2011	7405	2007	1802	1762	1834	0	0	0	0	0
EV71/NX10-36/2010	7406	2010	1786	1769	1841	0	0	0	0	0
Rostov	7335	1999	1776	1741	1819	0	0	0	0	0
wenzhou256	7016	1909	1686	1674	1747	0	0	0	0	0
EV71/Homosapiens/VNM/219/2011	7360	1989	1766	1765	1840	0	0	0	0	0
EV71/Homosapiens/VNM/133/2012	7365	1987	1759	1778	1841	0	0	0	0	0
EV71/Homosapiens/VNM/94/2012	7363	2005	1719	1803	1836	0	0	0	0	0
EV71/Homosapiens/VNM/136/2012	7358	1994	1766	1761	1837	0	0	0	0	0
EV71/Homosapiens/VNM/10/2011	7360	1988	1779	1766	1827	0	0	0	0	0
EV71/Homosapiens/VNM/29/2011	7360	1993	1771	1760	1836	0	0	0	0	0
EV71/Homosapiens/VNM/205/2011	7360	1990	1785	1762	1823	0	0	0	0	0
EV71/Homosapiens/VNM/51/2012	7360	1992	1778	1763	1827	0	0	0	0	0
EV71/Homosapiens/VNM/179/2012	7366	1982	1773	1778	1833	0	0	0	0	0
EV71/Homosapiens/VNM/154/2012	7360	1993	1768	1763	1836	0	0	0	0	0
EV71/Homosapiens/VNM/157/2012	7360	1990	1784	1764	1822	0	0	0	0	0
EV71/Homosapiens/VNM/107/2012	7361	1988	1780	1765	1828	0	0	0	0	0
EV71/Homosapiens/VNM/61/2012	7359	1994	1784	1763	1818	0	0	0	0	0
EV71/Homosapiens/VNM/166/2012	7265	1864	1679	1654	1692	376	0	0	0	0
EV71/Homosapiens/VNM/53/2012	7363	2003	1723	1804	1833	0	0	0	0	0
EV71/Homosapiens/VNM/131/2012	7360	1993	1778	1761	1828	0	0	0	0	0
EV71/Homosapiens/VNM/121/2012	7366	1978	1765	1786	1837	0	0	0	0	0
EV71/Homosapiens/VNM/38/2011	7359	1992	1786	1765	1816	0	0	0	0	0
EV71/Homosapiens/VNM/79/2012	7360	1992	1778	1762	1828	0	0	0	0	0
EV71/Homosapiens/VNM/215/2011	7360	1988	1776	1767	1829	0	0	0	0	0
Hubei-WH/CHN/2012	7407	2000	1791	1776	1840	0	0	0	0	0
Taipei/C2-Y100/2011	7291	1989	1739	1779	1784	0	0	0	0	0
Taipei/B4-01/2011	7281	1991	1711	1735	1844	0	0	0	0	0
EV71/P123/2013/China	7405	2009	1788	1765	1843	0	0	0	0	0
EV71/P352/2013/China	7405	2010	1797	1764	1834	0	0	0	0	0
EV71/Homosapiens/KHM/310/2012	7360	1989	1771	1764	1836	0	0	0	0	0
EV71/Homosapiens/KHM/376/2012	7360	1991	1769	1765	1835	0	0	0	0	0
EV71/Homosapiens/KHM/353/2012	7360	1986	1787	1770	1817	0	0	0	0	0
EV71/Homosapiens/KHM/361/2012	7360	1997	1767	1760	1836	0	0	0	0	0
EV71/Homosapiens/KHM/388/2012	7358	1989	1785	1759	1825	0	0	0	0	0
EV71/Homosapiens/KHM/398/2012	7265	1970	1744	1738	1813	0	0	0	0	0
EV71/Homosapiens/KHM/349/2012	6664	1796	1617	1615	1636	0	0	0	0	0
EV71/Homosapiens/KHM/300/2012	7360	1991	1765	1763	1841	0	0	0	0	0
EV71/Homosapiens/KHM/393/2012	7359	1995	1770	1758	1836	0	0	0	0	0
EV71/Homosapiens/KHM/308/2012	7027	1899	1681	1690	1757	0	0	0	0	0
EV71/Homosapiens/KHM/316/2013	7351	1991	1776	1753	1831	0	0	0	0	0
02-0-072	7374	1981	1764	1786	1838	0	5	0	0	0
02-1-042	7373	1987	1772	1780	1831	0	3	0	0	0
THA_A575	7313	1997	1734	1746	1836	0	0	0	0	0
THA_A683	7312	1993	1735	1748	1836	0	0	0	0	0
THA_A847	7280	1983	1736	1740	1821	0	0	0	0	0
THA_A1564	7267	1966	1727	1756	1817	0	1	0	0	0
THA_A1219	7225	1977	1720	1715	1813	0	0	0	0	0
109/EV71/Wenzhou/CHN/2014	7405	2023	1792	1746	1844	0	0	0	0	0
116/EV71/Wenzhou/CHN/2014	7405	2001	1774	1777	1853	0	0	0	0	0
C4-ND-137_Vietnam_VungTau_2012-05-20	6582	1801	1561	1577	1633	0	10	0	0	0
45849/BE/DE2015	7160	1971	1700	1734	1755	0	0	0	0	0
SHAPHC5267/SH/CHN/14	7405	2018	1763	1764	1860	0	0	0	0	0
SHAPHC5365/SH/CHN/14	7402	2005	1785	1770	1842	0	0	0	0	0
Siriraj01/TH/08	7316	2026	1759	1741	1790	0	0	0	0	0
SiICRC02/TH/2012	7418	1996	1772	1801	1849	0	0	0	0	0
SiICRC08/TH/2014	7344	1992	1759	1760	1833	0	0	0	0	0
Jinan/SD/CHN/2015	7406	2018	1783	1761	1844	0	0	0	0	0
EV71-MZ	7452	2048	1788	1771	1845	0	0	0	0	0
75-Yamagata-LPS1	7404	2005	1766	1771	1862	0	0	0	0	0
KED005-LPS2	7409	2032	1767	1793	1817	0	0	0	0	0
NCKU9822	7410	2018	1772	1812	1808	0	0	0	0	0
EV71/9/97/SHA89	7410	2013	1774	1781	1842	0	0	0	0	0
ENT/PM/SHA52	7408	2033	1753	1798	1824	0	0	0	0	0
EV71/SAR/SHA66	7411	2019	1782	1771	1839	0	0	0	0	0
984	7405	2000	1782	1778	1843	0	2	0	0	0
1235	7405	2013	1776	1768	1847	0	1	0	0	0
521-18S/SD/CHN/07	7406	2005	1784	1776	1841	0	0	0	0	0
S0296-TW00	7413	2021	1770	1775	1847	0	0	0	0	0
236-TW86	7412	2025	1729	1769	1889	0	0	0	0	0
266-TW86	7413	2011	1732	1783	1887	0	0	0	0	0
28/SHENZHEN/08/China/HFMD/2008	7403	2010	1776	1769	1848	0	0	0	0	0
BJ08	7405	2009	1803	1775	1818	0	0	0	0	0
TW/70811/08	7421	2013	1776	1783	1849	0	0	0	0	0
TW/70886/08	7421	2011	1784	1788	1838	0	0	0	0	0
TW/71595/04	7414	2019	1785	1773	1837	0	0	0	0	0
SZ/HK08-6	7405	1997	1791	1781	1836	0	0	0	0	0
Anhui1-09-China	7395	1992	1789	1775	1839	0	0	0	0	0
Henan1-09-China	7214	1965	1739	1729	1781	0	0	0	0	0
FY08-C30-P14	7347	1995	1777	1754	1821	0	0	0	0	0
Henan10-08-China	7405	2000	1783	1777	1845	0	0	0	0	0
BJ67	7405	2009	1792	1766	1838	0	0	0	0	0
BJ97	7405	2002	1770	1778	1855	0	0	0	0	0
2008-00643	7348	1994	1760	1780	1814	0	0	0	0	0
127018	7395	2010	1781	1805	1799	0	0	0	0	0
EV92_07	7419	1819	1815	1766	2019	0	0	0	0	0
EV141_06	7416	2018	1777	1770	1851	0	0	0	0	0
MZ2008	7453	2041	1804	1772	1836	0	0	0	0	0
EV71/JN200804	7404	2012	1795	1763	1834	0	0	0	0	0
LCH02	7283	1985	1758	1733	1807	0	0	0	0	0
BJ02	7283	1986	1758	1731	1808	0	0	0	0	0
AH01	7296	1992	1763	1735	1806	0	0	0	0	0
G333-972F/HeN/CHN/2009	7405	2013	1792	1764	1836	0	0	0	0	0
EV71/Ningbo.CHN/001/2010	7406	2010	1791	1766	1839	0	0	0	0	0
EV71/Xiamen/2009	7430	2027	1771	1776	1856	0	0	0	0	0
3149	7414	2015	1764	1799	1836	0	0	0	0	0
AFP2001064/EV71/GX/CHN/2001	7406	2001	1779	1775	1851	0	0	0	0	0
AFP2001071/EV71/GX/CHN/2001	7406	2017	1791	1764	1834	0	0	0	0	0
SDLY1	7408	1998	1804	1779	1827	0	0	0	0	0
JiLin-11-China	7408	2002	1767	1774	1865	0	0	0	0	0
TZ06	7405	2012	1799	1765	1829	0	0	0	0	0
EV71/Homosapiens/VNM/159/2012	7286	1973	1752	1743	1818	0	0	0	0	0
N1745-TW08/VP1-D164E	7462	2056	1783	1779	1844	0	0	0	0	0
HFM005	7292	1984	1738	1748	1822	0	0	0	0	0
617-19	7298	2006	1746	1739	1807	0	0	0	0	0
31170112	7267	1992	1738	1754	1781	2	0	0	0	0
2065-Yamagata-2004	7434	2084	1734	1760	1856	0	0	0	0	0
N362-Sendai-2012	7406	1984	1780	1801	1841	0	0	0	0	0
K367-Sendai-2003	7406	2015	1770	1766	1855	0	0	0	0	0
1934-Yamagata-2003	7404	2013	1770	1767	1854	0	0	0	0	0
114-Yamagata-2007	7394	1994	1764	1777	1859	0	0	0	0	0
15NHP088	7401	1981	1771	1801	1848	0	0	0	0	0
15NHP157	7402	1978	1770	1806	1848	0	0	0	0	0
16NHP456	7410	2003	1776	1788	1843	0	0	0	0	0
16NHP417	7394	2000	1774	1768	1852	0	0	0	0	0
10	7412	2028	1780	1787	1817	0	0	0	0	0
EV71/SZ08/CHN/2013	7405	2006	1790	1768	1839	2	0	0	0	0
DK16-06	7140	1973	1654	1699	1738	76	0	0	0	0
TW-70521-2005	7387	2006	1778	1764	1839	0	0	0	0	0
TW-71379-2008	7394	1992	1779	1787	1836	0	0	0	0	0
TW-02182-2010	7387	2010	1783	1756	1838	0	0	0	0	0
TW-02659-2011	7406	2011	1788	1766	1841	0	0	0	0	0
TW-00073-2012	7394	2004	1776	1767	1847	0	0	0	0	0
TW-01414-2012	7392	2000	1771	1781	1840	0	0	0	0	0
Huainan201402	7412	2000	1781	1781	1850	0	0	0	0	0
11N	7368	2024	1769	1774	1801	0	0	0	0	0
100-p17-T2	6579	1814	1565	1563	1637	0	0	0	0	0
100-p17-T3	6579	1812	1565	1565	1637	0	0	0	0	0
100-p36-T2	6579	1813	1565	1564	1637	0	0	0	0	0
C4-4	7380	1988	1770	1777	1845	0	0	0	0	0
C4-7	7390	2002	1773	1768	1847	0	0	0	0	0
C4-10	7390	2000	1778	1769	1843	0	0	0	0	0
B5-36	7371	1989	1764	1778	1840	0	0	0	0	0
B5-54	7363	1976	1770	1786	1830	0	1	0	0	0
B5-61	7365	1982	1770	1781	1832	0	0	0	0	0
B5-66	7365	1972	1762	1790	1840	0	1	0	0	0
B5-70	7380	1987	1765	1782	1846	0	0	0	0	0
B5-79	7378	1987	1761	1781	1849	0	0	0	0	0
B5-90	7379	1971	1757	1798	1853	0	0	0	0	0
B5-100	7380	1981	1769	1792	1838	0	0	0	0	0
B5-101	7380	1982	1768	1791	1839	0	0	0	0	0
B5-111	7386	1986	1758	1787	1855	0	0	0	0	0
B5-127	7380	2007	1771	1767	1835	0	0	0	0	0
B5-135	7386	2011	1774	1765	1836	0	0	0	0	0
Sydney60	6582	1820	1580	1555	1625	0	2	0	0	0
Sydney30	6582	1817	1574	1558	1633	0	0	0	0	0
Sydney14	6582	1817	1572	1558	1635	0	0	0	0	0
Sydney11	6582	1811	1580	1566	1625	0	0	0	0	0
6-1500-4	7412	2002	1777	1788	1845	0	0	0	0	0
CMC718	7415	2015	1772	1779	1849	0	0	0	0	0
USA/2018-23296	7410	2032	1775	1788	1815	0	0	0	0	0
TLLbeta-P20	7443	2061	1771	1757	1854	0	0	0	0	0
eTLLbeta-P20	7446	2062	1770	1759	1855	0	0	0	0	0
F23	7412	2005	1778	1780	1849	0	0	0	0	0
EVA71/KM18B/Kunming/CHN/2019	7300	1967	1781	1752	1800	0	0	0	0	0
J115-MAL-01	7408	2026	1753	1802	1827	0	0	0	0	0
EV71/Ningbo.CHN/103/2009	7406	2013	1791	1762	1839	0	1	0	0	0
Wuhan1143/HuB/CHN/2011	7405	2010	1788	1766	1841	0	0	0	0	0
M665-TW08	7412	2007	1771	1780	1854	0	0	0	0	0
M1656-TW08	7412	2010	1781	1774	1847	0	0	0	0	0
DL71	7416	2012	1764	1786	1854	0	0	0	0	0
EV71/GD10-7/2010	7405	2008	1797	1764	1836	0	0	0	0	0
EV71/Homosapiens/VNM/235/2011	7360	1997	1789	1757	1817	0	0	0	0	0
EV71/Homosapiens/VNM/180/2012	7366	1981	1767	1782	1836	0	0	0	0	0
EV71/Homosapiens/VNM/111/2012	7360	1991	1771	1761	1837	0	0	0	0	0
EV71/Homosapiens/VNM/13/2011	7360	1991	1776	1764	1829	0	0	0	0	0
EV71/Homosapiens/VNM/247/2011	7360	1989	1776	1764	1831	0	0	0	0	0
EV71/Homosapiens/VNM/101/2012	7361	1990	1776	1764	1831	0	0	0	0	0
EV71/Homosapiens/VNM/6/2011	7360	1985	1767	1768	1840	0	0	0	0	0
EV71/Homosapiens/VNM/32/2011	7359	1996	1768	1759	1836	0	0	0	0	0
EV71/Homosapiens/VNM/103/2012	7360	1987	1770	1767	1836	0	0	0	0	0
EV71/Homosapiens/VNM/114/2012	7360	1988	1769	1764	1839	0	0	0	0	0
EV71/Homosapiens/VNM/174/2012	7366	1978	1772	1784	1832	0	0	0	0	0
EV71/Homosapiens/VNM/66/2012	7360	1989	1763	1766	1842	0	0	0	0	0
EV71/Homosapiens/VNM/221/2011	7360	1995	1766	1759	1840	0	0	0	0	0
EV71/Homosapiens/VNM/195/2011	7363	2018	1715	1788	1842	0	0	0	0	0
EV71/Homosapiens/VNM/36/2011	7359	1986	1765	1763	1845	0	0	0	0	0
EV71/Homosapiens/VNM/177/2012	7366	1979	1765	1782	1840	0	0	0	0	0
EV71/Homosapiens/VNM/242/2011	7360	1991	1767	1763	1839	0	0	0	0	0
EV71/Homosapiens/VNM/243/2011	7360	1992	1786	1762	1820	0	0	0	0	0
EV71/Homosapiens/VNM/49/2012	7360	1989	1782	1763	1826	0	0	0	0	0
EV71/Homosapiens/VNM/246/2011	7360	1995	1770	1760	1835	0	0	0	0	0
EV71/Homosapiens/VNM/134/2012	7358	1993	1767	1762	1836	0	0	0	0	0
EV71/Homosapiens/VNM/34/2011	7358	1996	1770	1759	1833	0	0	0	0	0
EV71/Homosapiens/VNM/216/2011	7360	1992	1773	1760	1835	0	0	0	0	0
TLLcho	7435	2013	1770	1793	1859	0	0	0	0	0
Taipei/C4-Y100-P4/2011	7276	1985	1762	1726	1803	0	0	0	0	0
EV71/P16/2013/China	7405	2012	1787	1756	1850	0	0	0	0	0
EV71/P40/2013/China	7405	2010	1789	1762	1844	0	0	0	0	0
EV71/P454/2013/China	7414	2011	1789	1765	1849	0	0	0	0	0
EV71/Homosapiens/KHM/351/2012	7014	1893	1694	1693	1734	0	0	0	0	0
EV71/Homosapiens/KHM/269/2012	7361	1993	1773	1762	1833	0	0	0	0	0
EV71/Homosapiens/KHM/352/2012	7360	1990	1770	1763	1837	0	0	0	0	0
EV71/Homosapiens/KHM/272/2012	7360	1996	1771	1758	1835	0	0	0	0	0
EV71/Homosapiens/KHM/375/2012	7360	1990	1772	1765	1833	0	0	0	0	0
EV71/Homosapiens/KHM/371/2012	7366	1976	1762	1786	1842	0	0	0	0	0
EV71/Homosapiens/KHM/382/2012	7360	1998	1771	1758	1833	0	0	0	0	0
03-0-002	7379	1977	1757	1790	1854	0	1	0	0	0
02-0-035	7372	2000	1770	1769	1832	0	1	0	0	0
02-0-068	7371	1975	1764	1784	1837	0	11	0	0	0
02-1-067	7370	2001	1770	1766	1830	0	3	0	0	0
02-0-049	7367	1975	1765	1787	1834	0	6	0	0	0
15/EV71/Wenzhou/CHN/2014	7405	2010	1782	1765	1848	0	0	0	0	0
37507/TH/DE2015	7152	1967	1704	1733	1748	0	0	0	0	0
SiICRC02/TH/2013	7409	1997	1776	1829	1807	0	0	0	0	0
SilCRC03/TH/2013	7410	2000	1772	1795	1843	0	0	0	0	0
SiICRC01/TH/2014	7395	2014	1776	1755	1850	0	0	0	0	0
617-20	7296	1993	1750	1744	1809	0	0	0	0	0
839	7405	2013	1803	1762	1827	0	0	0	0	0
SD004R/Shandong/China/2015	7406	2018	1783	1761	1844	0	0	0	0	0
CSF15/YN/CHN/2013	7404	2010	1797	1768	1829	0	0	0	0	0
USA/2016/19519	7141	1927	1698	1766	1750	0	0	0	0	0
7D3	7402	1987	1765	1826	1824	0	0	0	0	0
DK16-04	7152	1972	1687	1730	1763	0	0	0	0	0
NER-13-194	7412	2029	1771	1771	1841	0	0	0	0	0
USA/AK/2016-19516	7385	1979	1742	1825	1839	0	0	0	0	0
Taiwan/1998-20998	7267	1985	1735	1774	1773	0	0	0	0	0
128135	7395	2006	1779	1808	1802	0	0	0	0	0
N772-Sendai-2006	7433	2031	1779	1767	1856	0	0	0	0	0
Y90-3896	7434	2032	1748	1821	1833	0	0	0	0	0
09	7409	2037	1770	1782	1820	0	0	0	0	0
15	7411	2048	1767	1772	1824	0	0	0	0	0
MAD-7842-10	7412	2040	1762	1772	1838	0	0	0	0	0
R6/YN/CHN/2011	7399	2008	1774	1769	1848	0	0	0	0	0
TW-02392-2016	7394	1989	1784	1772	1849	0	0	0	0	0
TW-51031-2015	7394	1987	1764	1794	1849	0	0	0	0	0
TW-02876-2005	7387	2001	1782	1770	1834	0	0	0	0	0
TW-72043-2007	7391	2017	1730	1805	1839	0	0	0	0	0
TW-02722-2008	7394	2003	1780	1774	1837	0	0	0	0	0
TW-01387-2010	7387	2008	1784	1761	1834	0	0	0	0	0
TW-02369-2012	7384	2002	1762	1773	1847	0	0	0	0	0
TW-51010-2012	7394	2014	1773	1767	1840	0	0	0	0	0
100-p31-T3	6579	1814	1565	1562	1638	0	0	0	0	0
101-p17-T1	6579	1814	1567	1563	1635	0	0	0	0	0
101-p17-T3	6579	1813	1565	1564	1637	0	0	0	0	0
101-p35-T3	6579	1813	1566	1564	1636	0	0	0	0	0
101-p36-T3	6579	1813	1566	1564	1636	0	0	0	0	0
B5-10	7389	1999	1769	1772	1848	0	1	0	0	0
B5-25	7381	1997	1766	1773	1845	0	0	0	0	0
B5-30	7385	1996	1773	1779	1837	0	0	0	0	0
B5-37	7369	1987	1769	1780	1833	0	0	0	0	0
B5-39	7368	1986	1768	1778	1836	0	0	0	0	0
B5-47	7380	1990	1764	1779	1847	0	0	0	0	0
B5-49	7388	1989	1760	1785	1854	0	0	0	0	0
B5-60	7380	1991	1766	1777	1846	0	0	0	0	0
B5-64	7380	1980	1750	1792	1858	0	0	0	0	0
B5-67	7380	1990	1766	1780	1844	0	0	0	0	0
B5-87	7382	1987	1761	1789	1845	0	0	0	0	0
B5-98	7380	1988	1759	1785	1848	0	0	0	0	0
B5-103	7381	1986	1776	1785	1834	0	0	0	0	0
B5-104	7380	1986	1773	1785	1836	0	0	0	0	0
B5-113	7379	1995	1758	1778	1848	0	0	0	0	0
B5-118	7380	1986	1743	1785	1866	0	0	0	0	0
B5-120	7381	1992	1760	1773	1856	0	0	0	0	0
B5-123	7379	2008	1767	1769	1835	0	0	0	0	0
B5-124	7366	1974	1772	1787	1828	0	5	0	0	0
B5-132	7380	2006	1770	1769	1835	0	0	0	0	0
B5-136	7379	2004	1764	1768	1843	0	0	0	0	0
RA330/YN/CHN/2009	7401	2011	1777	1763	1850	0	0	0	0	0
Sydney57	6582	1818	1571	1561	1632	0	0	0	0	0
Sydney56	6582	1822	1573	1554	1633	0	0	0	0	0
Sydney03	6582	1815	1584	1561	1622	0	0	0	0	0
SB6-1048-2	7412	2007	1776	1785	1844	0	0	0	0	0
SB6-1004-3	7412	2000	1770	1788	1854	0	0	0	0	0
10S5	7408	1998	1764	1823	1823	0	0	0	0	0
413-C2/YN/CHN/2016	7412	1995	1759	1795	1863	0	0	0	0	0
F1	7412	2004	1782	1781	1845	0	0	0	0	0
No.23	7412	2008	1787	1776	1841	0	0	0	0	0
